Tenacity at Break (Standard),"0.19481",N/tex
Tensile extension at Break (Standard),"76.52746",mm
Tenacity at Yield ,,N/tex

Time,Extension,Load,Tensile strain (Extension),Tensile stress,Tenacity,Tensile extension
(s),(mm),(N),(mm/mm),(MPa),(N/tex),(mm)
"0.00000","0.00000","0.01235","0.00000","0.00206","0.01235","0.00000"
"0.10000","0.06807","-0.00860","0.00213","-0.00143","-0.00860","0.06807"
"0.20000","0.17902","0.04142","0.00559","0.00690","0.04142","0.17902"
"0.30000","0.27958","0.02179","0.00874","0.00363","0.02179","0.27958"
"0.40000","0.37963","0.03156","0.01186","0.00526","0.03156","0.37963"
"0.50000","0.47956","0.00768","0.01499","0.00128","0.00768","0.47956"
"0.60000","0.57951","0.06310","0.01811","0.01052","0.06310","0.57951"
"0.70000","0.67959","0.07474","0.02124","0.01246","0.07474","0.67959"
"0.80000","0.77967","-0.00487","0.02436","-0.00081","-0.00487","0.77967"
"0.90000","0.87957","0.11197","0.02749","0.01866","0.11197","0.87957"
"1.00000","0.97948","0.02790","0.03061","0.00465","0.02790","0.97948"
"1.10000","1.07952","0.05903","0.03374","0.00984","0.05903","1.07952"
"1.20000","1.17959","0.07584","0.03686","0.01264","0.07584","1.17959"
"1.30000","1.27952","0.03322","0.03998","0.00554","0.03322","1.27952"
"1.40000","1.37948","0.09601","0.04311","0.01600","0.09601","1.37948"
"1.50000","1.47956","0.09890","0.04624","0.01648","0.09890","1.47956"
"1.60000","1.57967","0.07368","0.04936","0.01228","0.07368","1.57967"
"1.70000","1.67955","0.11592","0.05249","0.01932","0.11592","1.67955"
"1.80000","1.77945","0.10016","0.05561","0.01669","0.10016","1.77945"
"1.90000","1.87955","0.16919","0.05874","0.02820","0.16919","1.87955"
"2.00000","1.97966","0.13857","0.06186","0.02310","0.13857","1.97966"
"2.10000","2.07957","0.13544","0.06499","0.02257","0.13544","2.07957"
"2.20000","2.17949","0.08049","0.06811","0.01341","0.08049","2.17949"
"2.30000","2.27957","0.11683","0.07124","0.01947","0.11683","2.27957"
"2.40000","2.37965","0.11838","0.07436","0.01973","0.11838","2.37965"
"2.50000","2.47946","0.11183","0.07748","0.01864","0.11183","2.47946"
"2.60000","2.57950","0.09476","0.08061","0.01579","0.09476","2.57950"
"2.70000","2.67959","0.13920","0.08374","0.02320","0.13920","2.67959"
"2.80000","2.77964","0.16879","0.08686","0.02813","0.16879","2.77964"
"2.90000","2.87956","0.19152","0.08999","0.03192","0.19152","2.87956"
"3.00000","2.97950","0.14742","0.09311","0.02457","0.14742","2.97950"
"3.10000","3.07959","0.18139","0.09624","0.03023","0.18139","3.07959"
"3.20000","3.17964","0.19249","0.09936","0.03208","0.19249","3.17964"
"3.30000","3.27959","0.21272","0.10249","0.03545","0.21272","3.27959"
"3.40000","3.37953","0.22331","0.10561","0.03722","0.22331","3.37953"
"3.50000","3.47955","0.19853","0.10874","0.03309","0.19853","3.47955"
"3.60000","3.57964","0.27284","0.11186","0.04547","0.27284","3.57964"
"3.70000","3.67957","0.24166","0.11499","0.04028","0.24166","3.67957"
"3.80000","3.77948","0.23633","0.11811","0.03939","0.23633","3.77948"
"3.90000","3.87952","0.26924","0.12124","0.04487","0.26924","3.87952"
"4.00000","3.97968","0.18499","0.12436","0.03083","0.18499","3.97968"
"4.10000","4.07958","0.30051","0.12749","0.05009","0.30051","4.07958"
"4.20000","4.17946","0.26659","0.13061","0.04443","0.26659","4.17946"
"4.30000","4.27956","0.20021","0.13374","0.03337","0.20021","4.27956"
"4.40000","4.37966","0.26165","0.13686","0.04361","0.26165","4.37966"
"4.50000","4.47955","0.27933","0.13999","0.04656","0.27933","4.47955"
"4.60000","4.57947","0.31196","0.14311","0.05199","0.31196","4.57947"
"4.70000","4.67953","0.26592","0.14624","0.04432","0.26592","4.67953"
"4.80000","4.77959","0.23471","0.14936","0.03912","0.23471","4.77959"
"4.90000","4.87954","0.28471","0.15249","0.04745","0.28471","4.87954"
"5.00000","4.97948","0.31354","0.15561","0.05226","0.31354","4.97948"
"5.10000","5.07956","0.29490","0.15874","0.04915","0.29490","5.07956"
"5.20000","5.17964","0.27506","0.16186","0.04584","0.27506","5.17964"
"5.30000","5.27955","0.31917","0.16499","0.05320","0.31917","5.27955"
"5.40000","5.37950","0.28249","0.16811","0.04708","0.28249","5.37950"
"5.50000","5.47955","0.27613","0.17124","0.04602","0.27613","5.47955"
"5.60000","5.57960","0.25016","0.17436","0.04169","0.25016","5.57960"
"5.70000","5.67960","0.30819","0.17749","0.05137","0.30819","5.67960"
"5.80000","5.77949","0.34667","0.18061","0.05778","0.34667","5.77949"
"5.90000","5.87951","0.32984","0.18373","0.05497","0.32984","5.87951"
"6.00000","5.97963","0.40243","0.18686","0.06707","0.40243","5.97963"
"6.10000","6.07956","0.44635","0.18999","0.07439","0.44635","6.07956"
"6.20000","6.17947","0.37003","0.19311","0.06167","0.37003","6.17947"
"6.30000","6.27950","0.36587","0.19623","0.06098","0.36587","6.27950"
"6.40000","6.37966","0.32842","0.19936","0.05474","0.32842","6.37966"
"6.50000","6.47953","0.30910","0.20249","0.05152","0.30910","6.47953"
"6.60000","6.57944","0.40648","0.20561","0.06775","0.40648","6.57944"
"6.70000","6.67955","0.38562","0.20874","0.06427","0.38562","6.67955"
"6.80000","6.77964","0.34990","0.21186","0.05832","0.34990","6.77964"
"6.90000","6.87957","0.39930","0.21499","0.06655","0.39930","6.87957"
"7.00000","6.97947","0.43527","0.21811","0.07255","0.43527","6.97947"
"7.10000","7.07952","0.41842","0.22124","0.06974","0.41842","7.07952"
"7.20000","7.17954","0.43757","0.22436","0.07293","0.43757","7.17954"
"7.30000","7.27952","0.46221","0.22748","0.07703","0.46221","7.27952"
"7.40000","7.37946","0.42445","0.23061","0.07074","0.42445","7.37946"
"7.50000","7.47951","0.47524","0.23373","0.07921","0.47524","7.47951"
"7.60000","7.57964","0.40278","0.23686","0.06713","0.40278","7.57964"
"7.70000","7.67955","0.44789","0.23999","0.07465","0.44789","7.67955"
"7.80000","7.77945","0.50955","0.24311","0.08492","0.50955","7.77945"
"7.90000","7.87953","0.46439","0.24624","0.07740","0.46439","7.87953"
"8.00000","7.97958","0.52097","0.24936","0.08683","0.52097","7.97958"
"8.10000","8.07957","0.40299","0.25249","0.06717","0.40299","8.07957"
"8.20000","8.17944","0.55036","0.25561","0.09173","0.55036","8.17944"
"8.30000","8.27943","0.44236","0.25873","0.07373","0.44236","8.27943"
"8.40000","8.37965","0.48732","0.26186","0.08122","0.48732","8.37965"
"8.50000","8.47958","0.55344","0.26499","0.09224","0.55344","8.47958"
"8.60000","8.57937","0.51680","0.26811","0.08613","0.51680","8.57937"
"8.70000","8.67947","0.55755","0.27123","0.09293","0.55755","8.67947"
"8.80000","8.77962","0.50719","0.27436","0.08453","0.50719","8.77962"
"8.90000","8.87944","0.50509","0.27748","0.08418","0.50509","8.87944"
"9.00000","8.97940","0.48056","0.28061","0.08009","0.48056","8.97940"
"9.10000","9.07950","0.53597","0.28373","0.08933","0.53597","9.07950"
"9.20000","9.17958","0.46949","0.28686","0.07825","0.46949","9.17958"
"9.30000","9.27956","0.57151","0.28999","0.09525","0.57151","9.27956"
"9.40000","9.37945","0.52865","0.29311","0.08811","0.52865","9.37945"
"9.50000","9.47947","0.55672","0.29623","0.09279","0.55672","9.47947"
"9.60000","9.57951","0.56104","0.29936","0.09351","0.56104","9.57951"
"9.70000","9.67947","0.52622","0.30248","0.08770","0.52622","9.67947"
"9.80000","9.77946","0.49748","0.30561","0.08291","0.49748","9.77946"
"9.90000","9.87946","0.55554","0.30873","0.09259","0.55554","9.87946"
"10.00000","9.97958","0.53322","0.31186","0.08887","0.53322","9.97958"
"10.10000","10.07952","0.52427","0.31499","0.08738","0.52427","10.07952"
"10.20000","10.17944","0.54203","0.31811","0.09034","0.54203","10.17944"
"10.30000","10.27947","0.54566","0.32123","0.09094","0.54566","10.27947"
"10.40000","10.37959","0.60938","0.32436","0.10156","0.60938","10.37959"
"10.50000","10.47954","0.59567","0.32749","0.09928","0.59567","10.47954"
"10.60000","10.57940","0.58600","0.33061","0.09767","0.58600","10.57940"
"10.70000","10.67937","0.61480","0.33373","0.10247","0.61480","10.67937"
"10.80000","10.77953","0.65181","0.33686","0.10864","0.65181","10.77953"
"10.90000","10.87955","0.56891","0.33999","0.09482","0.56891","10.87955"
"11.00000","10.97936","0.66874","0.34311","0.11146","0.66874","10.97936"
"11.10000","11.07940","0.58414","0.34623","0.09736","0.58414","11.07940"
"11.20000","11.17955","0.57527","0.34936","0.09588","0.57527","11.17955"
"11.30000","11.27946","0.59050","0.35248","0.09842","0.59050","11.27946"
"11.40000","11.37940","0.64671","0.35561","0.10778","0.64671","11.37940"
"11.50000","11.47943","0.61103","0.35873","0.10184","0.61103","11.47943"
"11.60000","11.57948","0.66339","0.36186","0.11056","0.66339","11.57948"
"11.70000","11.67954","0.63853","0.36499","0.10642","0.63853","11.67954"
"11.80000","11.77940","0.66738","0.36811","0.11123","0.66738","11.77940"
"11.90000","11.87940","0.65062","0.37123","0.10844","0.65062","11.87940"
"12.00000","11.97949","0.71109","0.37436","0.11852","0.71109","11.97949"
"12.10000","12.07949","0.62113","0.37748","0.10352","0.62113","12.07949"
"12.20000","12.17944","0.69388","0.38061","0.11565","0.69388","12.17944"
"12.30000","12.27938","0.71126","0.38373","0.11854","0.71126","12.27938"
"12.40000","12.37953","0.73998","0.38686","0.12333","0.73998","12.37953"
"12.50000","12.47950","0.67507","0.38998","0.11251","0.67507","12.47950"
"12.60000","12.57941","0.67391","0.39311","0.11232","0.67391","12.57941"
"12.70000","12.67939","0.72980","0.39623","0.12163","0.72980","12.67939"
"12.80000","12.77955","0.65831","0.39936","0.10972","0.65831","12.77955"
"12.90000","12.87954","0.72161","0.40249","0.12027","0.72161","12.87954"
"13.00000","12.97936","0.70425","0.40560","0.11738","0.70425","12.97936"
"13.10000","13.07938","0.67328","0.40873","0.11221","0.67328","13.07938"
"13.20000","13.17952","0.75405","0.41186","0.12568","0.75405","13.17952"
"13.30000","13.27954","0.74936","0.41499","0.12489","0.74936","13.27954"
"13.40000","13.37938","0.73411","0.41811","0.12235","0.73411","13.37938"
"13.50000","13.47936","0.78642","0.42123","0.13107","0.78642","13.47936"
"13.60000","13.57950","0.70542","0.42436","0.11757","0.70542","13.57950"
"13.70000","13.67943","0.75054","0.42748","0.12509","0.75054","13.67943"
"13.80000","13.77935","0.75210","0.43060","0.12535","0.75210","13.77935"
"13.90000","13.87942","0.74685","0.43373","0.12448","0.74685","13.87942"
"14.00000","13.97949","0.80720","0.43686","0.13453","0.80720","13.97949"
"14.10000","14.07949","0.79191","0.43998","0.13199","0.79191","14.07949"
"14.20000","14.17940","0.79357","0.44311","0.13226","0.79357","14.17940"
"14.30000","14.27935","0.72327","0.44623","0.12055","0.72327","14.27935"
"14.40000","14.37944","0.81390","0.44936","0.13565","0.81390","14.37944"
"14.50000","14.47943","0.73821","0.45248","0.12303","0.73821","14.47943"
"14.60000","14.57942","0.77940","0.45561","0.12990","0.77940","14.57942"
"14.70000","14.67939","0.77622","0.45873","0.12937","0.77622","14.67939"
"14.80000","14.77951","0.76225","0.46186","0.12704","0.76225","14.77951"
"14.90000","14.87954","0.83367","0.46499","0.13895","0.83367","14.87954"
"15.00000","14.97939","0.80511","0.46811","0.13419","0.80511","14.97939"
"15.10000","15.07937","0.87956","0.47123","0.14659","0.87956","15.07937"
"15.20000","15.17951","0.82674","0.47436","0.13779","0.82674","15.17951"
"15.30000","15.27951","0.81288","0.47748","0.13548","0.81288","15.27951"
"15.40000","15.37939","0.84520","0.48061","0.14087","0.84520","15.37939"
"15.50000","15.47937","0.84631","0.48373","0.14105","0.84631","15.47937"
"15.60000","15.57948","0.90763","0.48686","0.15127","0.90763","15.57948"
"15.70000","15.67948","0.87203","0.48998","0.14534","0.87203","15.67948"
"15.80000","15.77939","0.84007","0.49311","0.14001","0.84007","15.77939"
"15.90000","15.87939","0.88457","0.49623","0.14743","0.88457","15.87939"
"16.00000","15.97948","0.85266","0.49936","0.14211","0.85266","15.97948"
"16.10000","16.07947","0.84538","0.50248","0.14090","0.84538","16.07947"
"16.20000","16.17939","0.86143","0.50561","0.14357","0.86143","16.17939"
"16.30000","16.27942","0.94047","0.50873","0.15674","0.94047","16.27942"
"16.40000","16.37947","0.92503","0.51186","0.15417","0.92503","16.37947"
"16.50000","16.47948","0.87366","0.51498","0.14561","0.87366","16.47948"
"16.60000","16.57940","0.93266","0.51811","0.15544","0.93266","16.57940"
"16.70000","16.67937","0.90881","0.52123","0.15147","0.90881","16.67937"
"16.80000","16.77946","0.95893","0.52436","0.15982","0.95893","16.77946"
"16.90000","16.87950","0.89136","0.52748","0.14856","0.89136","16.87950"
"17.00000","16.97938","0.82536","0.53061","0.13756","0.82536","16.97938"
"17.10000","17.07936","0.96572","0.53373","0.16095","0.96572","17.07936"
"17.20000","17.17950","0.93081","0.53686","0.15513","0.93081","17.17950"
"17.30000","17.27954","0.92377","0.53999","0.15396","0.92377","17.27954"
"17.40000","17.37932","0.92407","0.54310","0.15401","0.92407","17.37932"
"17.50000","17.47937","0.96979","0.54623","0.16163","0.96979","17.47937"
"17.60000","17.57953","0.89764","0.54936","0.14961","0.89764","17.57953"
"17.70000","17.67954","0.96460","0.55249","0.16077","0.96460","17.67954"
"17.80000","17.77941","0.94220","0.55561","0.15703","0.94220","17.77941"
"17.90000","17.87937","0.98917","0.55873","0.16486","0.98917","17.87937"
"18.00000","17.97950","0.99576","0.56186","0.16596","0.99576","17.97950"
"18.10000","18.07950","1.01450","0.56498","0.16908","1.01450","18.07950"
"18.20000","18.17941","1.07393","0.56811","0.17899","1.07393","18.17941"
"18.30000","18.27943","0.98814","0.57123","0.16469","0.98814","18.27943"
"18.40000","18.37954","0.98935","0.57436","0.16489","0.98935","18.37954"
"18.50000","18.47954","1.00639","0.57749","0.16773","1.00639","18.47954"
"18.60000","18.57948","1.01916","0.58061","0.16986","1.01916","18.57948"
"18.70000","18.67944","0.96286","0.58373","0.16048","0.96286","18.67944"
"18.80000","18.77951","1.05206","0.58686","0.17534","1.05206","18.77951"
"18.90000","18.87955","1.01938","0.58999","0.16990","1.01938","18.87955"
"19.00000","18.97944","1.04305","0.59311","0.17384","1.04305","18.97944"
"19.10000","19.07936","1.09723","0.59623","0.18287","1.09723","19.07936"
"19.20000","19.17947","1.04342","0.59936","0.17390","1.04342","19.17947"
"19.30000","19.27957","1.07833","0.60249","0.17972","1.07833","19.27957"
"19.40000","19.37942","1.01061","0.60561","0.16843","1.01061","19.37942"
"19.50000","19.47939","1.03997","0.60873","0.17333","1.03997","19.47939"
"19.60000","19.57952","1.06371","0.61186","0.17728","1.06371","19.57952"
"19.70000","19.67957","1.05680","0.61499","0.17613","1.05680","19.67957"
"19.80000","19.77945","1.06966","0.61811","0.17828","1.06966","19.77945"
"19.90000","19.87941","1.12155","0.62123","0.18692","1.12155","19.87941"
"20.00000","19.97956","1.00390","0.62436","0.16732","1.00390","19.97956"
"20.10000","20.07958","1.05951","0.62749","0.17658","1.05951","20.07958"
"20.20000","20.17943","1.10632","0.63061","0.18439","1.10632","20.17943"
"20.30000","20.27946","1.08735","0.63373","0.18122","1.08735","20.27946"
"20.40000","20.37958","1.06801","0.63686","0.17800","1.06801","20.37958"
"20.50000","20.47957","1.09323","0.63999","0.18221","1.09323","20.47957"
"20.60000","20.57946","1.13101","0.64311","0.18850","1.13101","20.57946"
"20.70000","20.67945","1.13509","0.64623","0.18918","1.13509","20.67945"
"20.80000","20.77953","1.17692","0.64936","0.19615","1.17692","20.77953"
"20.90000","20.87957","1.12527","0.65249","0.18754","1.12527","20.87957"
"21.00000","20.97948","1.20041","0.65561","0.20007","1.20041","20.97948"
"21.10000","21.07946","1.14709","0.65873","0.19118","1.14709","21.07946"
"21.20000","21.17956","1.14466","0.66186","0.19078","1.14466","21.17956"
"21.30000","21.27960","1.14563","0.66499","0.19094","1.14563","21.27960"
"21.40000","21.37953","1.19851","0.66811","0.19975","1.19851","21.37953"
"21.50000","21.47942","1.15531","0.67123","0.19255","1.15531","21.47942"
"21.60000","21.57950","1.20757","0.67436","0.20126","1.20757","21.57950"
"21.70000","21.67962","1.21307","0.67749","0.20218","1.21307","21.67962"
"21.80000","21.77952","1.13019","0.68061","0.18837","1.13019","21.77952"
"21.90000","21.87950","1.25678","0.68373","0.20946","1.25678","21.87950"
"22.00000","21.97954","1.23523","0.68686","0.20587","1.23523","21.97954"
"22.10000","22.07965","1.22383","0.68999","0.20397","1.22383","22.07965"
"22.20000","22.17951","1.24820","0.69311","0.20803","1.24820","22.17951"
"22.30000","22.27946","1.24491","0.69623","0.20748","1.24491","22.27946"
"22.40000","22.37957","1.30297","0.69936","0.21716","1.30297","22.37957"
"22.50000","22.47959","1.22685","0.70249","0.20448","1.22685","22.47959"
"22.60000","22.57947","1.24573","0.70561","0.20762","1.24573","22.57947"
"22.70000","22.67948","1.25581","0.70873","0.20930","1.25581","22.67948"
"22.80000","22.77961","1.31836","0.71186","0.21973","1.31836","22.77961"
"22.90000","22.87959","1.30766","0.71499","0.21794","1.30766","22.87959"
"23.00000","22.97951","1.32678","0.71811","0.22113","1.32678","22.97951"
"23.10000","23.07948","1.23227","0.72123","0.20538","1.23227","23.07948"
"23.20000","23.17953","1.33060","0.72436","0.22177","1.33060","23.17953"
"23.30000","23.27963","1.28621","0.72749","0.21437","1.28621","23.27963"
"23.40000","23.37959","1.29829","0.73061","0.21638","1.29829","23.37959"
"23.50000","23.47947","1.35105","0.73373","0.22517","1.35105","23.47947"
"23.60000","23.57956","1.37537","0.73686","0.22923","1.37537","23.57956"
"23.70000","23.67965","1.29374","0.73999","0.21562","1.29374","23.67965"
"23.80000","23.77953","1.38064","0.74311","0.23011","1.38064","23.77953"
"23.90000","23.87947","1.31515","0.74623","0.21919","1.31515","23.87947"
"24.00000","23.97954","1.38494","0.74936","0.23082","1.38494","23.97954"
"24.10000","24.07967","1.35809","0.75249","0.22635","1.35809","24.07967"
"24.20000","24.17955","1.34766","0.75561","0.22461","1.34766","24.17955"
"24.30000","24.27948","1.28659","0.75873","0.21443","1.28659","24.27948"
"24.40000","24.37955","1.38236","0.76186","0.23039","1.38236","24.37955"
"24.50000","24.47968","1.36650","0.76499","0.22775","1.36650","24.47968"
"24.60000","24.57956","1.34554","0.76811","0.22426","1.34554","24.57956"
"24.70000","24.67948","1.39942","0.77123","0.23324","1.39942","24.67948"
"24.80000","24.77961","1.31222","0.77436","0.21870","1.31222","24.77961"
"24.90000","24.87962","1.39796","0.77749","0.23299","1.39796","24.87962"
"25.00000","24.97945","1.43392","0.78061","0.23899","1.43392","24.97945"
"25.10000","25.07951","1.34495","0.78373","0.22416","1.34495","25.07951"
"25.20000","25.17961","1.40909","0.78686","0.23485","1.40909","25.17961"
"25.30000","25.27962","1.41539","0.78999","0.23590","1.41539","25.27962"
"25.40000","25.37955","1.40148","0.79311","0.23358","1.40148","25.37955"
"25.50000","25.47950","1.50097","0.79623","0.25016","1.50097","25.47950"
"25.60000","25.57949","1.37192","0.79936","0.22865","1.37192","25.57949"
"25.70000","25.67962","1.43511","0.80249","0.23919","1.43511","25.67962"
"25.80000","25.77960","1.47729","0.80561","0.24622","1.47729","25.77960"
"25.90000","25.87941","1.43405","0.80873","0.23901","1.43405","25.87941"
"26.00000","25.97954","1.36754","0.81186","0.22792","1.36754","25.97954"
"26.10000","26.07965","1.49373","0.81499","0.24895","1.49373","26.07965"
"26.20000","26.17957","1.42496","0.81811","0.23749","1.42496","26.17957"
"26.30000","26.27950","1.48949","0.82123","0.24825","1.48949","26.27950"
"26.40000","26.37953","1.50182","0.82436","0.25030","1.50182","26.37953"
"26.50000","26.47965","1.47585","0.82749","0.24597","1.47585","26.47965"
"26.60000","26.57957","1.48873","0.83061","0.24812","1.48873","26.57957"
"26.70000","26.67949","1.57010","0.83373","0.26168","1.57010","26.67949"
"26.80000","26.77957","1.48676","0.83686","0.24779","1.48676","26.77957"
"26.90000","26.87964","1.44382","0.83999","0.24064","1.44382","26.87964"
"27.00000","26.97955","1.52047","0.84311","0.25341","1.52047","26.97955"
"27.10000","27.07950","1.55080","0.84623","0.25847","1.55080","27.07950"
"27.20000","27.17956","1.56989","0.84936","0.26165","1.56989","27.17956"
"27.30000","27.27963","1.51765","0.85249","0.25294","1.51765","27.27963"
"27.40000","27.37955","1.50005","0.85561","0.25001","1.50005","27.37955"
"27.50000","27.47948","1.56872","0.85873","0.26145","1.56872","27.47948"
"27.60000","27.57959","1.51833","0.86186","0.25305","1.51833","27.57959"
"27.70000","27.67957","1.60641","0.86499","0.26773","1.60641","27.67957"
"27.80000","27.77957","1.57270","0.86811","0.26212","1.57270","27.77957"
"27.90000","27.87949","1.54671","0.87123","0.25778","1.54671","27.87949"
"28.00000","27.97947","1.56752","0.87436","0.26125","1.56752","27.97947"
"28.10000","28.07963","1.58703","0.87749","0.26450","1.58703","28.07963"
"28.20000","28.17957","1.53341","0.88061","0.25557","1.53341","28.17957"
"28.30000","28.27950","1.58778","0.88373","0.26463","1.58778","28.27950"
"28.40000","28.37955","1.56598","0.88686","0.26100","1.56598","28.37955"
"28.50000","28.47964","1.53482","0.88999","0.25580","1.53482","28.47964"
"28.60000","28.57953","1.69615","0.89311","0.28269","1.69615","28.57953"
"28.70000","28.67945","1.64491","0.89623","0.27415","1.64491","28.67945"
"28.80000","28.77948","1.60603","0.89936","0.26767","1.60603","28.77948"
"28.90000","28.87964","1.60389","0.90249","0.26732","1.60389","28.87964"
"29.00000","28.97955","1.62138","0.90561","0.27023","1.62138","28.97955"
"29.10000","29.07948","1.58165","0.90873","0.26361","1.58165","29.07948"
"29.20000","29.17953","1.63567","0.91186","0.27261","1.63567","29.17953"
"29.30000","29.27964","1.60191","0.91499","0.26699","1.60191","29.27964"
"29.40000","29.37952","1.62903","0.91811","0.27151","1.62903","29.37952"
"29.50000","29.47941","1.70461","0.92123","0.28410","1.70461","29.47941"
"29.60000","29.57951","1.68065","0.92436","0.28011","1.68065","29.57951"
"29.70000","29.67960","1.61618","0.92749","0.26936","1.61618","29.67960"
"29.80000","29.77953","1.68925","0.93061","0.28154","1.68925","29.77953"
"29.90000","29.87947","1.68079","0.93373","0.28013","1.68079","29.87947"
"30.00000","29.97953","1.69542","0.93686","0.28257","1.69542","29.97953"
"30.10000","30.07957","1.77104","0.93999","0.29517","1.77104","30.07957"
"30.20000","30.17957","1.69962","0.94311","0.28327","1.69962","30.17957"
"30.30000","30.27946","1.71732","0.94623","0.28622","1.71732","30.27946"
"30.40000","30.37946","1.71779","0.94936","0.28630","1.71779","30.37946"
"30.50000","30.47964","1.71807","0.95249","0.28634","1.71807","30.47964"
"30.60000","30.57958","1.75933","0.95561","0.29322","1.75933","30.57958"
"30.70000","30.67943","1.67923","0.95873","0.27987","1.67923","30.67943"
"30.80000","30.77948","1.72408","0.96186","0.28735","1.72408","30.77948"
"30.90000","30.87962","1.79381","0.96499","0.29897","1.79381","30.87962"
"31.00000","30.97946","1.74064","0.96811","0.29011","1.74064","30.97946"
"31.10000","31.07940","1.71214","0.97123","0.28536","1.71214","31.07940"
"31.20000","31.17947","1.79804","0.97436","0.29967","1.79804","31.17947"
"31.30000","31.27957","1.76752","0.97749","0.29459","1.76752","31.27957"
"31.40000","31.37954","1.83469","0.98061","0.30578","1.83469","31.37954"
"31.50000","31.47940","1.80045","0.98373","0.30007","1.80045","31.47940"
"31.60000","31.57947","1.73811","0.98686","0.28969","1.73811","31.57947"
"31.70000","31.67961","1.78676","0.98999","0.29779","1.78676","31.67961"
"31.80000","31.77948","1.83660","0.99311","0.30610","1.83660","31.77948"
"31.90000","31.87948","1.74592","0.99623","0.29099","1.74592","31.87948"
"32.00000","31.97947","1.81249","0.99936","0.30208","1.81249","31.97947"
"32.10000","32.07956","1.83675","1.00249","0.30613","1.83675","32.07956"
"32.20000","32.17952","1.80377","1.00561","0.30063","1.80377","32.17952"
"32.30000","32.27942","1.84048","1.00873","0.30675","1.84048","32.27942"
"32.40000","32.37944","1.89667","1.01186","0.31611","1.89667","32.37944"
"32.50000","32.47954","1.86730","1.01499","0.31122","1.86730","32.47954"
"32.60000","32.57954","1.87952","1.01811","0.31325","1.87952","32.57954"
"32.70000","32.67941","1.82357","1.02123","0.30393","1.82357","32.67941"
"32.80000","32.77941","1.91103","1.02436","0.31850","1.91103","32.77941"
"32.90000","32.87961","1.85817","1.02749","0.30969","1.85817","32.87961"
"33.00000","32.97955","1.85919","1.03061","0.30987","1.85919","32.97955"
"33.10000","33.07940","1.80061","1.03373","0.30010","1.80061","33.07940"
"33.20000","33.17941","1.90594","1.03686","0.31766","1.90594","33.17941"
"33.30000","33.27953","1.86486","1.03999","0.31081","1.86486","33.27953"
"33.40000","33.37949","1.90638","1.04311","0.31773","1.90638","33.37949"
"33.50000","33.47939","1.91275","1.04623","0.31879","1.91275","33.47939"
"33.60000","33.57947","1.93086","1.04936","0.32181","1.93086","33.57947"
"33.70000","33.67956","1.87726","1.05249","0.31288","1.87726","33.67956"
"33.80000","33.77952","1.90189","1.05561","0.31698","1.90189","33.77952"
"33.90000","33.87939","1.87905","1.05873","0.31318","1.87905","33.87939"
"34.00000","33.97945","1.93598","1.06186","0.32266","1.93598","33.97945"
"34.10000","34.07952","1.96631","1.06498","0.32772","1.96631","34.07952"
"34.20000","34.17951","1.94199","1.06811","0.32367","1.94199","34.17951"
"34.30000","34.27941","1.92634","1.07123","0.32106","1.92634","34.27941"
"34.40000","34.37936","2.01769","1.07435","0.33628","2.01769","34.37936"
"34.50000","34.47948","1.98528","1.07748","0.33088","1.98528","34.47948"
"34.60000","34.57952","1.96317","1.08061","0.32720","1.96317","34.57952"
"34.70000","34.67942","1.98506","1.08373","0.33084","1.98506","34.67942"
"34.80000","34.77944","1.95294","1.08686","0.32549","1.95294","34.77944"
"34.90000","34.87949","2.05729","1.08998","0.34288","2.05729","34.87949"
"35.00000","34.97951","2.04706","1.09311","0.34118","2.04706","34.97951"
"35.10000","35.07934","2.01623","1.09623","0.33604","2.01623","35.07934"
"35.20000","35.17937","2.06450","1.09936","0.34408","2.06450","35.17937"
"35.30000","35.27956","2.01065","1.10249","0.33511","2.01065","35.27956"
"35.40000","35.37953","2.07000","1.10561","0.34500","2.07000","35.37953"
"35.50000","35.47939","2.02242","1.10873","0.33707","2.02242","35.47939"
"35.60000","35.57940","2.03009","1.11186","0.33835","2.03009","35.57940"
"35.70000","35.67952","2.08708","1.11498","0.34785","2.08708","35.67952"
"35.80000","35.77949","2.10358","1.11811","0.35060","2.10358","35.77949"
"35.90000","35.87934","2.05695","1.12123","0.34283","2.05695","35.87934"
"36.00000","35.97940","2.11006","1.12436","0.35168","2.11006","35.97940"
"36.10000","36.07951","2.07248","1.12748","0.34541","2.07248","36.07951"
"36.20000","36.17950","2.10021","1.13061","0.35004","2.10021","36.17950"
"36.30000","36.27940","2.13400","1.13373","0.35567","2.13400","36.27940"
"36.40000","36.37939","2.14037","1.13686","0.35673","2.14037","36.37939"
"36.50000","36.47951","2.07850","1.13998","0.34642","2.07850","36.47951"
"36.60000","36.57953","2.19122","1.14311","0.36520","2.19122","36.57953"
"36.70000","36.67940","2.15043","1.14623","0.35840","2.15043","36.67940"
"36.80000","36.77938","2.10557","1.14936","0.35093","2.10557","36.77938"
"36.90000","36.87945","2.13583","1.15248","0.35597","2.13583","36.87945"
"37.00000","36.97949","2.16943","1.15561","0.36157","2.16943","36.97949"
"37.10000","37.07938","2.16064","1.15873","0.36011","2.16064","37.07938"
"37.20000","37.17937","2.20870","1.16186","0.36812","2.20870","37.17937"
"37.30000","37.27951","2.22627","1.16498","0.37104","2.22627","37.27951"
"37.40000","37.37948","2.24762","1.16811","0.37460","2.24762","37.37948"
"37.50000","37.47934","2.19147","1.17123","0.36524","2.19147","37.47934"
"37.60000","37.57937","2.17556","1.17436","0.36259","2.17556","37.57937"
"37.70000","37.67949","2.19565","1.17748","0.36594","2.19565","37.67949"
"37.80000","37.77949","2.22163","1.18061","0.37027","2.22163","37.77949"
"37.90000","37.87937","2.21979","1.18373","0.36996","2.21979","37.87937"
"38.00000","37.97938","2.24713","1.18686","0.37452","2.24713","37.97938"
"38.10000","38.07949","2.23242","1.18998","0.37207","2.23242","38.07949"
"38.20000","38.17949","2.19133","1.19311","0.36522","2.19133","38.17949"
"38.30000","38.27936","2.24534","1.19623","0.37422","2.24534","38.27936"
"38.40000","38.37942","2.22819","1.19936","0.37136","2.22819","38.37942"
"38.50000","38.47950","2.25180","1.20248","0.37530","2.25180","38.47950"
"38.60000","38.57950","2.27022","1.20561","0.37837","2.27022","38.57950"
"38.70000","38.67939","2.32637","1.20873","0.38773","2.32637","38.67939"
"38.80000","38.77942","2.31301","1.21186","0.38550","2.31301","38.77942"
"38.90000","38.87950","2.38693","1.21498","0.39782","2.38693","38.87950"
"39.00000","38.97955","2.32543","1.21811","0.38757","2.32543","38.97955"
"39.10000","39.07941","2.32526","1.22123","0.38754","2.32526","39.07941"
"39.20000","39.17935","2.29586","1.22435","0.38264","2.29586","39.17935"
"39.30000","39.27943","2.29675","1.22748","0.38279","2.29675","39.27943"
"39.40000","39.37949","2.31778","1.23061","0.38630","2.31778","39.37949"
"39.50000","39.47938","2.43914","1.23373","0.40652","2.43914","39.47938"
"39.60000","39.57935","2.27278","1.23685","0.37880","2.27278","39.57935"
"39.70000","39.67951","2.36387","1.23998","0.39398","2.36387","39.67951"
"39.80000","39.77952","2.34780","1.24311","0.39130","2.34780","39.77952"
"39.90000","39.87938","2.36723","1.24623","0.39454","2.36723","39.87938"
"40.00000","39.97938","2.32499","1.24936","0.38750","2.32499","39.97938"
"40.10000","40.07952","2.33487","1.25248","0.38914","2.33487","40.07952"
"40.20000","40.17953","2.39590","1.25561","0.39932","2.39590","40.17953"
"40.30000","40.27942","2.36640","1.25873","0.39440","2.36640","40.27942"
"40.40000","40.37943","2.34551","1.26186","0.39092","2.34551","40.37943"
"40.50000","40.47949","2.39654","1.26498","0.39942","2.39654","40.47949"
"40.60000","40.57950","2.42073","1.26811","0.40346","2.42073","40.57950"
"40.70000","40.67938","2.36432","1.27123","0.39405","2.36432","40.67938"
"40.80000","40.77944","2.47125","1.27436","0.41188","2.47125","40.77944"
"40.90000","40.87951","2.46391","1.27748","0.41065","2.46391","40.87951"
"41.00000","40.97955","2.43130","1.28061","0.40522","2.43130","40.97955"
"41.10000","41.07943","2.47866","1.28373","0.41311","2.47866","41.07943"
"41.20000","41.17942","2.53098","1.28686","0.42183","2.53098","41.17942"
"41.30000","41.27950","2.49954","1.28998","0.41659","2.49954","41.27950"
"41.40000","41.37955","2.43485","1.29311","0.40581","2.43485","41.37955"
"41.50000","41.47944","2.45918","1.29623","0.40986","2.45918","41.47944"
"41.60000","41.57941","2.46036","1.29936","0.41006","2.46036","41.57941"
"41.70000","41.67952","2.48369","1.30248","0.41395","2.48369","41.67952"
"41.80000","41.77959","2.57516","1.30561","0.42919","2.57516","41.77959"
"41.90000","41.87941","2.51325","1.30873","0.41887","2.51325","41.87941"
"42.00000","41.97939","2.56376","1.31186","0.42729","2.56376","41.97939"
"42.10000","42.07954","2.62558","1.31499","0.43760","2.62558","42.07954"
"42.20000","42.17960","2.55072","1.31811","0.42512","2.55072","42.17960"
"42.30000","42.27943","2.55436","1.32123","0.42573","2.55436","42.27943"
"42.40000","42.37946","2.65102","1.32436","0.44184","2.65102","42.37946"
"42.50000","42.47958","2.54562","1.32749","0.42427","2.54562","42.47958"
"42.60000","42.57960","2.58062","1.33061","0.43010","2.58062","42.57960"
"42.70000","42.67944","2.61680","1.33373","0.43613","2.61680","42.67944"
"42.80000","42.77938","2.57409","1.33686","0.42902","2.57409","42.77938"
"42.90000","42.87947","2.62335","1.33998","0.43722","2.62335","42.87947"
"43.00000","42.97955","2.58410","1.34311","0.43068","2.58410","42.97955"
"43.10000","43.07944","2.66344","1.34623","0.44391","2.66344","43.07944"
"43.20000","43.17945","2.62657","1.34936","0.43776","2.62657","43.17945"
"43.30000","43.27954","2.64473","1.35249","0.44079","2.64473","43.27954"
"43.40000","43.37961","2.67336","1.35561","0.44556","2.67336","43.37961"
"43.50000","43.47950","2.72243","1.35873","0.45374","2.72243","43.47950"
"43.60000","43.57946","2.64434","1.36186","0.44072","2.64434","43.57946"
"43.70000","43.67954","2.66128","1.36499","0.44355","2.66128","43.67954"
"43.80000","43.77959","2.69925","1.36811","0.44988","2.69925","43.77959"
"43.90000","43.87952","2.68743","1.37123","0.44791","2.68743","43.87952"
"44.00000","43.97942","2.65823","1.37436","0.44304","2.65823","43.97942"
"44.10000","44.07956","2.71417","1.37749","0.45236","2.71417","44.07956"
"44.20000","44.17962","2.68954","1.38061","0.44826","2.68954","44.17962"
"44.30000","44.27949","2.81817","1.38373","0.46969","2.81817","44.27949"
"44.40000","44.37943","2.77512","1.38686","0.46252","2.77512","44.37943"
"44.50000","44.47957","2.73261","1.38999","0.45543","2.73261","44.47957"
"44.60000","44.57962","2.82400","1.39311","0.47067","2.82400","44.57962"
"44.70000","44.67945","2.78155","1.39623","0.46359","2.78155","44.67945"
"44.80000","44.77951","2.75017","1.39936","0.45836","2.75017","44.77951"
"44.90000","44.87956","2.81082","1.40249","0.46847","2.81082","44.87956"
"45.00000","44.97964","2.80253","1.40561","0.46709","2.80253","44.97964"
"45.10000","45.07954","2.80795","1.40874","0.46799","2.80795","45.07954"
"45.20000","45.17950","2.76698","1.41186","0.46116","2.76698","45.17950"
"45.30000","45.27959","2.77647","1.41499","0.46275","2.77647","45.27959"
"45.40000","45.37962","2.80575","1.41811","0.46763","2.80575","45.37962"
"45.50000","45.47955","2.83532","1.42124","0.47255","2.83532","45.47955"
"45.60000","45.57948","2.78528","1.42436","0.46421","2.78528","45.57948"
"45.70000","45.67956","2.85517","1.42749","0.47586","2.85517","45.67956"
"45.80000","45.77962","2.90446","1.43061","0.48408","2.90446","45.77962"
"45.90000","45.87955","2.77376","1.43374","0.46229","2.77376","45.87955"
"46.00000","45.97950","2.85226","1.43686","0.47538","2.85226","45.97950"
"46.10000","46.07959","2.89029","1.43999","0.48172","2.89029","46.07959"
"46.20000","46.17967","2.90858","1.44311","0.48476","2.90858","46.17967"
"46.30000","46.27952","2.90215","1.44623","0.48369","2.90215","46.27952"
"46.40000","46.37945","2.90922","1.44936","0.48487","2.90922","46.37945"
"46.50000","46.47956","2.91719","1.45249","0.48620","2.91719","46.47956"
"46.60000","46.57967","2.96285","1.45561","0.49381","2.96285","46.57967"
"46.70000","46.67951","2.96247","1.45873","0.49374","2.96247","46.67951"
"46.80000","46.77946","2.89257","1.46186","0.48209","2.89257","46.77946"
"46.90000","46.87958","2.93950","1.46499","0.48992","2.93950","46.87958"
"47.00000","46.97963","2.93116","1.46811","0.48853","2.93116","46.97963"
"47.10000","47.07953","2.95681","1.47124","0.49280","2.95681","47.07953"
"47.20000","47.17953","2.99171","1.47436","0.49862","2.99171","47.17953"
"47.30000","47.27959","3.02246","1.47749","0.50374","3.02246","47.27959"
"47.40000","47.37965","3.01372","1.48061","0.50229","3.01372","47.37965"
"47.50000","47.47956","2.98631","1.48374","0.49772","2.98631","47.47956"
"47.60000","47.57948","3.00486","1.48686","0.50081","3.00486","47.57948"
"47.70000","47.67956","3.06051","1.48999","0.51009","3.06051","47.67956"
"47.80000","47.77962","3.02764","1.49311","0.50461","3.02764","47.77962"
"47.90000","47.87960","3.04209","1.49624","0.50702","3.04209","47.87960"
"48.00000","47.97951","3.08043","1.49936","0.51341","3.08043","47.97951"
"48.10000","48.07959","3.05249","1.50249","0.50875","3.05249","48.07959"
"48.20000","48.17965","3.03066","1.50561","0.50511","3.03066","48.17965"
"48.30000","48.27956","3.05828","1.50874","0.50971","3.05828","48.27956"
"48.40000","48.37949","3.08922","1.51186","0.51487","3.08922","48.37949"
"48.50000","48.47958","3.07232","1.51499","0.51205","3.07232","48.47958"
"48.60000","48.57968","3.17110","1.51811","0.52852","3.17110","48.57968"
"48.70000","48.67956","3.11081","1.52124","0.51847","3.11081","48.67956"
"48.80000","48.77946","3.14824","1.52436","0.52471","3.14824","48.77946"
"48.90000","48.87955","3.12911","1.52749","0.52152","3.12911","48.87955"
"49.00000","48.97968","3.16191","1.53061","0.52698","3.16191","48.97968"
"49.10000","49.07950","3.13487","1.53373","0.52248","3.13487","49.07950"
"49.20000","49.17946","3.22372","1.53686","0.53729","3.22372","49.17946"
"49.30000","49.27956","3.18614","1.53999","0.53102","3.18614","49.27956"
"49.40000","49.37961","3.19380","1.54311","0.53230","3.19380","49.37961"
"49.50000","49.47955","3.26836","1.54624","0.54473","3.26836","49.47955"
"49.60000","49.57949","3.17977","1.54936","0.52996","3.17977","49.57949"
"49.70000","49.67955","3.19278","1.55249","0.53213","3.19278","49.67955"
"49.80000","49.77965","3.24215","1.55561","0.54036","3.24215","49.77965"
"49.90000","49.87956","3.24849","1.55874","0.54142","3.24849","49.87956"
"50.00000","49.97949","3.22522","1.56186","0.53754","3.22522","49.97949"
"50.10000","50.07954","3.23129","1.56499","0.53855","3.23129","50.07954"
"50.20000","50.17962","3.22269","1.56811","0.53712","3.22269","50.17962"
"50.30000","50.27960","3.27201","1.57124","0.54534","3.27201","50.27960"
"50.40000","50.37947","3.26788","1.57436","0.54465","3.26788","50.37947"
"50.50000","50.47955","3.29741","1.57749","0.54957","3.29741","50.47955"
"50.60000","50.57967","3.30504","1.58061","0.55084","3.30504","50.57967"
"50.70000","50.67960","3.29936","1.58374","0.54989","3.29936","50.67960"
"50.80000","50.77949","3.28075","1.58686","0.54679","3.28075","50.77949"
"50.90000","50.87956","3.33296","1.58999","0.55549","3.33296","50.87956"
"51.00000","50.97964","3.28149","1.59311","0.54691","3.28149","50.97964"
"51.10000","51.07953","3.37225","1.59624","0.56204","3.37225","51.07953"
"51.20000","51.17942","3.38236","1.59936","0.56373","3.38236","51.17942"
"51.30000","51.27945","3.31468","1.60248","0.55245","3.31468","51.27945"
"51.40000","51.37961","3.35307","1.60561","0.55884","3.35307","51.37961"
"51.50000","51.47954","3.44855","1.60874","0.57476","3.44855","51.47954"
"51.60000","51.57948","3.40792","1.61186","0.56799","3.40792","51.57948"
"51.70000","51.67957","3.34953","1.61499","0.55825","3.34953","51.67957"
"51.80000","51.77957","3.40283","1.61811","0.56714","3.40283","51.77957"
"51.90000","51.87952","3.42857","1.62124","0.57143","3.42857","51.87952"
"52.00000","51.97947","3.44249","1.62436","0.57375","3.44249","51.97947"
"52.10000","52.07950","3.46115","1.62748","0.57686","3.46115","52.07950"
"52.20000","52.17963","3.43878","1.63061","0.57313","3.43878","52.17963"
"52.30000","52.27956","3.37674","1.63374","0.56279","3.37674","52.27956"
"52.40000","52.37944","3.43723","1.63686","0.57287","3.43723","52.37944"
"52.50000","52.47949","3.47811","1.63998","0.57969","3.47811","52.47949"
"52.60000","52.57960","3.51460","1.64311","0.58577","3.51460","52.57960"
"52.70000","52.67954","3.57594","1.64624","0.59599","3.57594","52.67954"
"52.80000","52.77945","3.46477","1.64936","0.57746","3.46477","52.77945"
"52.90000","52.87948","3.56521","1.65248","0.59420","3.56521","52.87948"
"53.00000","52.97962","3.54723","1.65561","0.59120","3.54723","52.97962"
"53.10000","53.07956","3.53949","1.65874","0.58991","3.53949","53.07956"
"53.20000","53.17940","3.56648","1.66186","0.59441","3.56648","53.17940"
"53.30000","53.27952","3.61637","1.66498","0.60273","3.61637","53.27952"
"53.40000","53.37963","3.49877","1.66811","0.58313","3.49877","53.37963"
"53.50000","53.47954","3.58530","1.67124","0.59755","3.58530","53.47954"
"53.60000","53.57941","3.63724","1.67436","0.60621","3.63724","53.57941"
"53.70000","53.67949","3.62249","1.67748","0.60375","3.62249","53.67949"
"53.80000","53.77960","3.66952","1.68061","0.61159","3.66952","53.77960"
"53.90000","53.87951","3.66030","1.68373","0.61005","3.66030","53.87951"
"54.00000","53.97945","3.64608","1.68686","0.60768","3.64608","53.97945"
"54.10000","54.07946","3.65223","1.68998","0.60870","3.65223","54.07946"
"54.20000","54.17955","3.64549","1.69311","0.60758","3.64549","54.17955"
"54.30000","54.27953","3.71392","1.69624","0.61899","3.71392","54.27953"
"54.40000","54.37944","3.72968","1.69936","0.62161","3.72968","54.37944"
"54.50000","54.47945","3.61439","1.70248","0.60240","3.61439","54.47945"
"54.60000","54.57958","3.66711","1.70561","0.61118","3.66711","54.57958"
"54.70000","54.67951","3.75883","1.70873","0.62647","3.75883","54.67951"
"54.80000","54.77937","3.74293","1.71186","0.62382","3.74293","54.77937"
"54.90000","54.87942","3.78924","1.71498","0.63154","3.78924","54.87942"
"55.00000","54.97955","3.74721","1.71811","0.62454","3.74721","54.97955"
"55.10000","55.07954","3.72364","1.72124","0.62061","3.72364","55.07954"
"55.20000","55.17943","3.78094","1.72436","0.63016","3.78094","55.17943"
"55.30000","55.27947","3.81617","1.72748","0.63603","3.81617","55.27947"
"55.40000","55.37957","3.81753","1.73061","0.63626","3.81753","55.37957"
"55.50000","55.47952","3.77516","1.73373","0.62919","3.77516","55.47952"
"55.60000","55.57938","3.78318","1.73686","0.63053","3.78318","55.57938"
"55.70000","55.67945","3.78424","1.73998","0.63071","3.78424","55.67945"
"55.80000","55.77958","3.87988","1.74311","0.64665","3.87988","55.77958"
"55.90000","55.87949","3.81254","1.74623","0.63542","3.81254","55.87949"
"56.00000","55.97938","3.79353","1.74936","0.63226","3.79353","55.97938"
"56.10000","56.07945","3.79944","1.75248","0.63324","3.79944","56.07945"
"56.20000","56.17951","3.80924","1.75561","0.63487","3.80924","56.17951"
"56.30000","56.27949","3.84652","1.75873","0.64109","3.84652","56.27949"
"56.40000","56.37940","3.91596","1.76186","0.65266","3.91596","56.37940"
"56.50000","56.47944","3.88344","1.76498","0.64724","3.88344","56.47944"
"56.60000","56.57950","3.90437","1.76811","0.65073","3.90437","56.57950"
"56.70000","56.67957","3.89828","1.77124","0.64971","3.89828","56.67957"
"56.80000","56.77940","3.91154","1.77436","0.65192","3.91154","56.77940"
"56.90000","56.87941","3.94273","1.77748","0.65712","3.94273","56.87941"
"57.00000","56.97953","3.92311","1.78061","0.65385","3.92311","56.97953"
"57.10000","57.07953","3.91185","1.78374","0.65198","3.91185","57.07953"
"57.20000","57.17935","3.98331","1.78685","0.66388","3.98331","57.17935"
"57.30000","57.27938","3.95210","1.78998","0.65868","3.95210","57.27938"
"57.40000","57.37953","3.94074","1.79311","0.65679","3.94074","57.37953"
"57.50000","57.47951","4.02554","1.79623","0.67092","4.02554","57.47951"
"57.60000","57.57940","3.92994","1.79936","0.65499","3.92994","57.57940"
"57.70000","57.67937","4.00723","1.80248","0.66787","4.00723","57.67937"
"57.80000","57.77954","4.00425","1.80561","0.66738","4.00425","57.77954"
"57.90000","57.87953","4.01511","1.80874","0.66918","4.01511","57.87953"
"58.00000","57.97936","4.02317","1.81185","0.67053","4.02317","57.97936"
"58.10000","58.07939","4.07940","1.81498","0.67990","4.07940","58.07939"
"58.20000","58.17950","4.09982","1.81811","0.68330","4.09982","58.17950"
"58.30000","58.27947","4.07138","1.82123","0.67856","4.07138","58.27947"
"58.40000","58.37939","4.06367","1.82436","0.67728","4.06367","58.37939"
"58.50000","58.47944","4.08074","1.82748","0.68012","4.08074","58.47944"
"58.60000","58.57948","4.09770","1.83061","0.68295","4.09770","58.57948"
"58.70000","58.67949","4.10145","1.83373","0.68358","4.10145","58.67949"
"58.80000","58.77938","4.08218","1.83686","0.68036","4.08218","58.77938"
"58.90000","58.87936","4.16054","1.83998","0.69342","4.16054","58.87936"
"59.00000","58.97948","4.18751","1.84311","0.69792","4.18751","58.97948"
"59.10000","59.07954","4.12946","1.84624","0.68824","4.12946","59.07954"
"59.20000","59.17938","4.08814","1.84936","0.68136","4.08814","59.17938"
"59.30000","59.27941","4.14973","1.85248","0.69162","4.14973","59.27941"
"59.40000","59.37952","4.15920","1.85561","0.69320","4.15920","59.37952"
"59.50000","59.47951","4.18685","1.85873","0.69781","4.18685","59.47951"
"59.60000","59.57936","4.21599","1.86185","0.70267","4.21599","59.57936"
"59.70000","59.67936","4.17329","1.86498","0.69555","4.17329","59.67936"
"59.80000","59.77943","4.22280","1.86811","0.70380","4.22280","59.77943"
"59.90000","59.87948","4.25180","1.87123","0.70863","4.25180","59.87948"
"60.00000","59.97939","4.24186","1.87436","0.70698","4.24186","59.97939"
"60.10000","60.07940","4.18798","1.87748","0.69800","4.18798","60.07940"
"60.20000","60.17955","4.28711","1.88061","0.71452","4.28711","60.17955"
"60.30000","60.27953","4.26127","1.88374","0.71021","4.26127","60.27953"
"60.40000","60.37939","4.33103","1.88686","0.72184","4.33103","60.37939"
"60.50000","60.47941","4.24829","1.88998","0.70805","4.24829","60.47941"
"60.60000","60.57949","4.26728","1.89311","0.71121","4.26728","60.57949"
"60.70000","60.67946","4.34080","1.89623","0.72347","4.34080","60.67946"
"60.80000","60.77938","4.30468","1.89936","0.71745","4.30468","60.77938"
"60.90000","60.87943","4.39958","1.90248","0.73326","4.39958","60.87943"
"61.00000","60.97945","4.32859","1.90561","0.72143","4.32859","60.97945"
"61.10000","61.07950","4.36135","1.90873","0.72689","4.36135","61.07950"
"61.20000","61.17939","4.35820","1.91186","0.72637","4.35820","61.17939"
"61.30000","61.27937","4.41042","1.91498","0.73507","4.41042","61.27937"
"61.40000","61.37948","4.40201","1.91811","0.73367","4.40201","61.37948"
"61.50000","61.47954","4.38436","1.92124","0.73073","4.38436","61.47954"
"61.60000","61.57940","4.43166","1.92436","0.73861","4.43166","61.57940"
"61.70000","61.67937","4.44217","1.92748","0.74036","4.44217","61.67937"
"61.80000","61.77948","4.45546","1.93061","0.74258","4.45546","61.77948"
"61.90000","61.87952","4.44068","1.93374","0.74011","4.44068","61.87952"
"62.00000","61.97940","4.43758","1.93686","0.73960","4.43758","61.97940"
"62.10000","62.07938","4.42277","1.93998","0.73713","4.42277","62.07938"
"62.20000","62.17953","4.49798","1.94311","0.74966","4.49798","62.17953"
"62.30000","62.27954","4.50360","1.94624","0.75060","4.50360","62.27954"
"62.40000","62.37940","4.52599","1.94936","0.75433","4.52599","62.37940"
"62.50000","62.47940","4.51878","1.95248","0.75313","4.51878","62.47940"
"62.60000","62.57952","4.47831","1.95561","0.74639","4.47831","62.57952"
"62.70000","62.67953","4.52140","1.95874","0.75357","4.52140","62.67953"
"62.80000","62.77943","4.59808","1.96186","0.76635","4.59808","62.77943"
"62.90000","62.87940","4.56425","1.96498","0.76071","4.56425","62.87940"
"63.00000","62.97950","4.57848","1.96811","0.76308","4.57848","62.97950"
"63.10000","63.07949","4.58077","1.97123","0.76346","4.58077","63.07949"
"63.20000","63.17942","4.52918","1.97436","0.75486","4.52918","63.17942"
"63.30000","63.27943","4.62879","1.97748","0.77146","4.62879","63.27943"
"63.40000","63.37948","4.63980","1.98061","0.77330","4.63980","63.37948"
"63.50000","63.47954","4.64852","1.98374","0.77475","4.64852","63.47954"
"63.60000","63.57946","4.59951","1.98686","0.76658","4.59951","63.57946"
"63.70000","63.67937","4.64875","1.98998","0.77479","4.64875","63.67937"
"63.80000","63.77950","4.67896","1.99311","0.77983","4.67896","63.77950"
"63.90000","63.87958","4.61132","1.99624","0.76855","4.61132","63.87958"
"64.00000","63.97944","4.75481","1.99936","0.79247","4.75481","63.97944"
"64.10000","64.07938","4.70619","2.00248","0.78436","4.70619","64.07938"
"64.20000","64.17953","4.69537","2.00561","0.78256","4.69537","64.17953"
"64.30000","64.27956","4.67922","2.00874","0.77987","4.67922","64.27956"
"64.40000","64.37939","4.70623","2.01186","0.78437","4.70623","64.37939"
"64.50000","64.47935","4.82654","2.01498","0.80442","4.82654","64.47935"
"64.60000","64.57951","4.72930","2.01811","0.78822","4.72930","64.57951"
"64.70000","64.67957","4.82139","2.02124","0.80356","4.82139","64.67957"
"64.80000","64.77946","4.74669","2.02436","0.79111","4.74669","64.77946"
"64.90000","64.87945","4.77074","2.02748","0.79512","4.77074","64.87945"
"65.00000","64.97956","4.81019","2.03061","0.80170","4.81019","64.97956"
"65.10000","65.07955","4.77800","2.03374","0.79633","4.77800","65.07955"
"65.20000","65.17948","4.80322","2.03686","0.80054","4.80322","65.17948"
"65.30000","65.27946","4.74357","2.03998","0.79060","4.74357","65.27946"
"65.40000","65.37953","4.85688","2.04311","0.80948","4.85688","65.37953"
"65.50000","65.47957","4.83355","2.04624","0.80559","4.83355","65.47957"
"65.60000","65.57948","4.80287","2.04936","0.80048","4.80287","65.57948"
"65.70000","65.67943","4.81946","2.05248","0.80324","4.81946","65.67943"
"65.80000","65.77956","4.85866","2.05561","0.80978","4.85866","65.77956"
"65.90000","65.87962","4.88496","2.05874","0.81416","4.88496","65.87962"
"66.00000","65.97948","4.86993","2.06186","0.81166","4.86993","65.97948"
"66.10000","66.07938","4.93432","2.06498","0.82239","4.93432","66.07938"
"66.20000","66.17953","4.85929","2.06811","0.80988","4.85929","66.17953"
"66.30000","66.27962","4.81075","2.07124","0.80179","4.81075","66.27962"
"66.40000","66.37950","4.86693","2.07436","0.81115","4.86693","66.37950"
"66.50000","66.47945","4.98662","2.07748","0.83110","4.98662","66.47945"
"66.60000","66.57955","4.93988","2.08061","0.82331","4.93988","66.57955"
"66.70000","66.67959","4.97772","2.08374","0.82962","4.97772","66.67959"
"66.80000","66.77946","4.93707","2.08686","0.82285","4.93707","66.77946"
"66.90000","66.87943","4.94966","2.08998","0.82494","4.94966","66.87943"
"67.00000","66.97956","5.02375","2.09311","0.83729","5.02375","66.97956"
"67.10000","67.07960","5.00705","2.09624","0.83451","5.00705","67.07960"
"67.20000","67.17952","5.01425","2.09936","0.83571","5.01425","67.17952"
"67.30000","67.27950","5.02795","2.10248","0.83799","5.02795","67.27950"
"67.40000","67.37956","5.00355","2.10561","0.83392","5.00355","67.37956"
"67.50000","67.47964","4.97323","2.10874","0.82887","4.97323","67.47964"
"67.60000","67.57954","5.07255","2.11186","0.84542","5.07255","67.57954"
"67.70000","67.67950","4.95335","2.11498","0.82556","4.95335","67.67950"
"67.80000","67.77954","5.03100","2.11811","0.83850","5.03100","67.77954"
"67.90000","67.87965","5.09203","2.12124","0.84867","5.09203","67.87965"
"68.00000","67.97954","5.08268","2.12436","0.84711","5.08268","67.97954"
"68.10000","68.07947","5.01344","2.12748","0.83557","5.01344","68.07947"
"68.20000","68.17953","5.14944","2.13061","0.85824","5.14944","68.17953"
"68.30000","68.27958","5.12445","2.13374","0.85407","5.12445","68.27958"
"68.40000","68.37953","5.11530","2.13686","0.85255","5.11530","68.37953"
"68.50000","68.47945","5.19509","2.13998","0.86585","5.19509","68.47945"
"68.60000","68.57961","5.22045","2.14311","0.87008","5.22045","68.57961"
"68.70000","68.67969","5.16027","2.14624","0.86004","5.16027","68.67969"
"68.80000","68.77953","5.26365","2.14936","0.87727","5.26365","68.77953"
"68.90000","68.87945","5.18861","2.15248","0.86477","5.18861","68.87945"
"69.00000","68.97958","5.14979","2.15561","0.85830","5.14979","68.97958"
"69.10000","69.07960","5.17916","2.15874","0.86319","5.17916","69.07960"
"69.20000","69.17951","5.21573","2.16186","0.86929","5.21573","69.17951"
"69.30000","69.27950","5.27370","2.16498","0.87895","5.27370","69.27950"
"69.40000","69.37955","5.20711","2.16811","0.86785","5.20711","69.37955"
"69.50000","69.47966","5.26856","2.17124","0.87809","5.26856","69.47966"
"69.60000","69.57955","5.27643","2.17436","0.87940","5.27643","69.57955"
"69.70000","69.67948","5.29070","2.17748","0.88178","5.29070","69.67948"
"69.80000","69.77956","5.27631","2.18061","0.87939","5.27631","69.77956"
"69.90000","69.87965","5.32835","2.18374","0.88806","5.32835","69.87965"
"70.00000","69.97958","5.27996","2.18686","0.87999","5.27996","69.97958"
"70.10000","70.07950","5.30701","2.18998","0.88450","5.30701","70.07950"
"70.20000","70.17955","5.29994","2.19311","0.88332","5.29994","70.17955"
"70.30000","70.27966","5.42227","2.19624","0.90371","5.42227","70.27966"
"70.40000","70.37959","5.28978","2.19936","0.88163","5.28978","70.37959"
"70.50000","70.47947","5.40858","2.20248","0.90143","5.40858","70.47947"
"70.60000","70.57954","5.31394","2.20561","0.88566","5.31394","70.57954"
"70.70000","70.67966","5.35092","2.20874","0.89182","5.35092","70.67966"
"70.80000","70.77953","5.43082","2.21186","0.90514","5.43082","70.77953"
"70.90000","70.87947","5.40859","2.21498","0.90143","5.40859","70.87947"
"71.00000","70.97959","5.39608","2.21811","0.89935","5.39608","70.97959"
"71.10000","71.07967","5.40777","2.22124","0.90130","5.40777","71.07967"
"71.20000","71.17957","5.47823","2.22436","0.91304","5.47823","71.17957"
"71.30000","71.27949","5.40814","2.22748","0.90136","5.40814","71.27949"
"71.40000","71.37957","5.52297","2.23061","0.92049","5.52297","71.37957"
"71.50000","71.47964","5.40919","2.23374","0.90153","5.40919","71.47964"
"71.60000","71.57952","5.46807","2.23686","0.91134","5.46807","71.57952"
"71.70000","71.67952","5.47845","2.23998","0.91308","5.47845","71.67952"
"71.80000","71.77955","5.47768","2.24311","0.91295","5.47768","71.77955"
"71.90000","71.87961","5.55865","2.24624","0.92644","5.55865","71.87961"
"72.00000","71.97957","5.54875","2.24936","0.92479","5.54875","71.97957"
"72.10000","72.07950","5.48533","2.25248","0.91422","5.48533","72.07950"
"72.20000","72.17956","5.50243","2.25561","0.91707","5.50243","72.17956"
"72.30000","72.27969","5.55264","2.25874","0.92544","5.55264","72.27969"
"72.40000","72.37955","5.55561","2.26186","0.92594","5.55561","72.37955"
"72.50000","72.47946","5.58490","2.26498","0.93082","5.58490","72.47946"
"72.60000","72.57950","5.55736","2.26811","0.92623","5.55736","72.57950"
"72.70000","72.67967","5.57068","2.27124","0.92845","5.57068","72.67967"
"72.80000","72.77962","5.64318","2.27436","0.94053","5.64318","72.77962"
"72.90000","72.87944","5.60101","2.27748","0.93350","5.60101","72.87944"
"73.00000","72.97951","5.59281","2.28061","0.93214","5.59281","72.97951"
"73.10000","73.07964","5.61988","2.28374","0.93665","5.61988","73.07964"
"73.20000","73.17949","5.59891","2.28686","0.93315","5.59891","73.17949"
"73.30000","73.27947","5.66186","2.28998","0.94364","5.66186","73.27947"
"73.40000","73.37955","5.70996","2.29311","0.95166","5.70996","73.37955"
"73.50000","73.47963","5.68637","2.29624","0.94773","5.68637","73.47963"
"73.60000","73.57960","5.71275","2.29936","0.95212","5.71275","73.57960"
"73.70000","73.67947","5.71677","2.30248","0.95280","5.71677","73.67947"
"73.80000","73.77955","5.65129","2.30561","0.94188","5.65129","73.77955"
"73.90000","73.87959","5.72285","2.30874","0.95381","5.72285","73.87959"
"74.00000","73.97954","5.71155","2.31186","0.95193","5.71155","73.97954"
"74.10000","74.07951","5.75252","2.31498","0.95875","5.75252","74.07951"
"74.20000","74.17954","5.77283","2.31811","0.96214","5.77283","74.17954"
"74.30000","74.27962","5.78247","2.32124","0.96375","5.78247","74.27962"
"74.40000","74.37955","5.74916","2.32436","0.95819","5.74916","74.37955"
"74.50000","74.47945","5.77507","2.32748","0.96251","5.77507","74.47945"
"74.60000","74.57948","5.81565","2.33061","0.96927","5.81565","74.57948"
"74.70000","74.67963","5.75313","2.33374","0.95885","5.75313","74.67963"
"74.80000","74.77957","5.81721","2.33686","0.96954","5.81721","74.77957"
"74.90000","74.87943","5.88496","2.33998","0.98083","5.88496","74.87943"
"75.00000","74.97946","5.79485","2.34311","0.96581","5.79485","74.97946"
"75.10000","75.07964","5.84056","2.34624","0.97343","5.84056","75.07964"
"75.20000","75.17958","5.90402","2.34936","0.98400","5.90402","75.17958"
"75.30000","75.27940","5.87978","2.35248","0.97996","5.87978","75.27940"
"75.40000","75.37949","5.89735","2.35561","0.98289","5.89735","75.37949"
"75.50000","75.47964","5.92550","2.35874","0.98758","5.92550","75.47964"
"75.60000","75.57948","5.85150","2.36186","0.97525","5.85150","75.57948"
"75.70000","75.67946","5.84605","2.36498","0.97434","5.84605","75.67946"
"75.80000","75.77948","0.74914","2.36811","0.12486","0.74914","75.77948"
"75.90000","75.87957","0.22899","2.37124","0.03817","0.22899","75.87957"
"76.00000","75.97955","0.25907","2.37436","0.04318","0.25907","75.97955"
"76.10000","76.07943","0.18085","2.37748","0.03014","0.18085","76.07943"
"76.20000","76.17946","0.20370","2.38061","0.03395","0.20370","76.17946"
"76.30000","76.27959","0.25722","2.38374","0.04287","0.25722","76.27959"
"76.40000","76.37952","0.21575","2.38686","0.03596","0.21575","76.37952"
"76.50000","76.47945","0.16412","2.38998","0.02735","0.16412","76.47945"
"76.54800","76.52746","0.19481","2.39148","0.03247","0.19481","76.52746"
