Tenacity at Break (Standard),"0.24298",N/tex
Tensile extension at Break (Standard),"112.57944",mm
Tenacity at Yield ,,N/tex

Time,Extension,Load,Tensile strain (Extension),Tensile stress,Tenacity,Tensile extension
(s),(mm),(N),(mm/mm),(MPa),(N/tex),(mm)
"0.00000","0.00000","-0.10679","0.00000","-0.01780","-0.10679","0.00000"
"0.10000","0.06844","-0.05963","0.00214","-0.00994","-0.05963","0.06844"
"0.20000","0.17916","0.01804","0.00560","0.00301","0.01804","0.17916"
"0.30000","0.27943","0.01649","0.00873","0.00275","0.01649","0.27943"
"0.40000","0.37945","0.01789","0.01186","0.00298","0.01789","0.37945"
"0.50000","0.47953","-0.01730","0.01499","-0.00288","-0.01730","0.47953"
"0.60000","0.57950","0.05080","0.01811","0.00847","0.05080","0.57950"
"0.70000","0.67936","0.09218","0.02123","0.01536","0.09218","0.67936"
"0.80000","0.77940","0.02630","0.02436","0.00438","0.02630","0.77940"
"0.90000","0.87951","0.10766","0.02748","0.01794","0.10766","0.87951"
"1.00000","0.97952","0.07458","0.03061","0.01243","0.07458","0.97952"
"1.10000","1.07940","0.12972","0.03373","0.02162","0.12972","1.07940"
"1.20000","1.17943","0.02230","0.03686","0.00372","0.02230","1.17943"
"1.30000","1.27953","0.07288","0.03999","0.01215","0.07288","1.27953"
"1.40000","1.37952","0.04236","0.04311","0.00706","0.04236","1.37952"
"1.50000","1.47943","0.13946","0.04623","0.02324","0.13946","1.47943"
"1.60000","1.57942","0.11093","0.04936","0.01849","0.11093","1.57942"
"1.70000","1.67950","0.01108","0.05248","0.00185","0.01108","1.67950"
"1.80000","1.77959","0.04465","0.05561","0.00744","0.04465","1.77959"
"1.90000","1.87948","0.14953","0.05873","0.02492","0.14953","1.87948"
"2.00000","1.97941","0.06154","0.06186","0.01026","0.06154","1.97941"
"2.10000","2.07946","0.07161","0.06498","0.01193","0.07161","2.07946"
"2.20000","2.17956","0.11699","0.06811","0.01950","0.11699","2.17956"
"2.30000","2.27944","0.15072","0.07123","0.02512","0.15072","2.27944"
"2.40000","2.37942","0.11471","0.07436","0.01912","0.11471","2.37942"
"2.50000","2.47956","0.06878","0.07749","0.01146","0.06878","2.47956"
"2.60000","2.57959","0.11597","0.08061","0.01933","0.11597","2.57959"
"2.70000","2.67946","0.19292","0.08373","0.03215","0.19292","2.67946"
"2.80000","2.77942","0.14937","0.08686","0.02490","0.14937","2.77942"
"2.90000","2.87951","0.09369","0.08998","0.01561","0.09369","2.87951"
"3.00000","2.97956","0.14375","0.09311","0.02396","0.14375","2.97956"
"3.10000","3.07944","0.21539","0.09623","0.03590","0.21539","3.07944"
"3.20000","3.17945","0.20076","0.09936","0.03346","0.20076","3.17945"
"3.30000","3.27955","0.18894","0.10249","0.03149","0.18894","3.27955"
"3.40000","3.37959","0.15947","0.10561","0.02658","0.15947","3.37959"
"3.50000","3.47946","0.18286","0.10873","0.03048","0.18286","3.47946"
"3.60000","3.57947","0.16888","0.11186","0.02815","0.16888","3.57947"
"3.70000","3.67954","0.14603","0.11499","0.02434","0.14603","3.67954"
"3.80000","3.77960","0.17125","0.11811","0.02854","0.17125","3.77960"
"3.90000","3.87951","0.16675","0.12123","0.02779","0.16675","3.87951"
"4.00000","3.97944","0.20706","0.12436","0.03451","0.20706","3.97944"
"4.10000","4.07947","0.18509","0.12748","0.03085","0.18509","4.07947"
"4.20000","4.17960","0.16562","0.13061","0.02760","0.16562","4.17960"
"4.30000","4.27953","0.24555","0.13374","0.04093","0.24555","4.27953"
"4.40000","4.37945","0.19903","0.13686","0.03317","0.19903","4.37945"
"4.50000","4.47953","0.20886","0.13999","0.03481","0.20886","4.47953"
"4.60000","4.57963","0.23370","0.14311","0.03895","0.23370","4.57963"
"4.70000","4.67944","0.14512","0.14623","0.02419","0.14512","4.67944"
"4.80000","4.77943","0.31056","0.14936","0.05176","0.31056","4.77943"
"4.90000","4.87956","0.25692","0.15249","0.04282","0.25692","4.87956"
"5.00000","4.97963","0.23012","0.15561","0.03835","0.23012","4.97963"
"5.10000","5.07952","0.18976","0.15874","0.03163","0.18976","5.07952"
"5.20000","5.17948","0.28116","0.16186","0.04686","0.28116","5.17948"
"5.30000","5.27957","0.27423","0.16499","0.04571","0.27423","5.27957"
"5.40000","5.37960","0.21002","0.16811","0.03500","0.21002","5.37960"
"5.50000","5.47946","0.17450","0.17123","0.02908","0.17450","5.47946"
"5.60000","5.57950","0.26010","0.17436","0.04335","0.26010","5.57950"
"5.70000","5.67960","0.27974","0.17749","0.04662","0.27974","5.67960"
"5.80000","5.77966","0.20063","0.18061","0.03344","0.20063","5.77966"
"5.90000","5.87951","0.26023","0.18373","0.04337","0.26023","5.87951"
"6.00000","5.97950","0.23083","0.18686","0.03847","0.23083","5.97950"
"6.10000","6.07954","0.27319","0.18999","0.04553","0.27319","6.07954"
"6.20000","6.17965","0.22450","0.19311","0.03742","0.22450","6.17965"
"6.30000","6.27952","0.18987","0.19624","0.03165","0.18987","6.27952"
"6.40000","6.37942","0.28601","0.19936","0.04767","0.28601","6.37942"
"6.50000","6.47954","0.33334","0.20249","0.05556","0.33334","6.47954"
"6.60000","6.57967","0.25453","0.20561","0.04242","0.25453","6.57967"
"6.70000","6.67962","0.27265","0.20874","0.04544","0.27265","6.67962"
"6.80000","6.77947","0.31198","0.21186","0.05200","0.31198","6.77947"
"6.90000","6.87957","0.29679","0.21499","0.04946","0.29679","6.87957"
"7.00000","6.97968","0.31424","0.21811","0.05237","0.31424","6.97968"
"7.10000","7.07938","0.22835","0.22123","0.03806","0.22835","7.07938"
"7.20000","7.17943","0.32712","0.22436","0.05452","0.32712","7.17943"
"7.30000","7.27958","0.29544","0.22749","0.04924","0.29544","7.27958"
"7.40000","7.37966","0.31218","0.23061","0.05203","0.31218","7.37966"
"7.50000","7.47956","0.27864","0.23374","0.04644","0.27864","7.47956"
"7.60000","7.57948","0.36940","0.23686","0.06157","0.36940","7.57948"
"7.70000","7.67954","0.33410","0.23999","0.05568","0.33410","7.67954"
"7.80000","7.77961","0.25665","0.24311","0.04277","0.25665","7.77961"
"7.90000","7.87952","0.27033","0.24623","0.04505","0.27033","7.87952"
"8.00000","7.97953","0.26039","0.24936","0.04340","0.26039","7.97953"
"8.10000","8.07957","0.38952","0.25249","0.06492","0.38952","8.07957"
"8.20000","8.17965","0.30296","0.25561","0.05049","0.30296","8.17965"
"8.30000","8.27957","0.31657","0.25874","0.05276","0.31657","8.27957"
"8.40000","8.37949","0.32971","0.26186","0.05495","0.32971","8.37949"
"8.50000","8.47957","0.33990","0.26499","0.05665","0.33990","8.47957"
"8.60000","8.57967","0.39423","0.26811","0.06570","0.39423","8.57967"
"8.70000","8.67956","0.33810","0.27124","0.05635","0.33810","8.67956"
"8.80000","8.77947","0.32784","0.27436","0.05464","0.32784","8.77947"
"8.90000","8.87953","0.40887","0.27749","0.06815","0.40887","8.87953"
"9.00000","8.97964","0.41664","0.28061","0.06944","0.41664","8.97964"
"9.10000","9.07956","0.42451","0.28374","0.07075","0.42451","9.07956"
"9.20000","9.17946","0.29261","0.28686","0.04877","0.29261","9.17946"
"9.30000","9.27956","0.42777","0.28999","0.07129","0.42777","9.27956"
"9.40000","9.37967","0.41499","0.29311","0.06917","0.41499","9.37967"
"9.50000","9.47951","0.33770","0.29623","0.05628","0.33770","9.47951"
"9.60000","9.57946","0.39131","0.29936","0.06522","0.39131","9.57946"
"9.70000","9.67955","0.42019","0.30249","0.07003","0.42019","9.67955"
"9.80000","9.77966","0.40881","0.30561","0.06814","0.40881","9.77966"
"9.90000","9.87956","0.41332","0.30874","0.06889","0.41332","9.87956"
"10.00000","9.97948","0.38908","0.31186","0.06485","0.38908","9.97948"
"10.10000","10.07951","0.39641","0.31498","0.06607","0.39641","10.07951"
"10.20000","10.17961","0.41897","0.31811","0.06983","0.41897","10.17961"
"10.30000","10.27957","0.43900","0.32124","0.07317","0.43900","10.27957"
"10.40000","10.37949","0.40988","0.32436","0.06831","0.40988","10.37949"
"10.50000","10.47957","0.35667","0.32749","0.05944","0.35667","10.47957"
"10.60000","10.57963","0.49100","0.33061","0.08183","0.49100","10.57963"
"10.70000","10.67952","0.41980","0.33374","0.06997","0.41980","10.67952"
"10.80000","10.77947","0.39878","0.33686","0.06646","0.39878","10.77947"
"10.90000","10.87950","0.44801","0.33998","0.07467","0.44801","10.87950"
"11.00000","10.97965","0.44473","0.34311","0.07412","0.44473","10.97965"
"11.10000","11.07960","0.44976","0.34624","0.07496","0.44976","11.07960"
"11.20000","11.17950","0.41104","0.34936","0.06851","0.41104","11.17950"
"11.30000","11.27954","0.40270","0.35249","0.06712","0.40270","11.27954"
"11.40000","11.37965","0.48178","0.35561","0.08030","0.48178","11.37965"
"11.50000","11.47958","0.51137","0.35874","0.08523","0.51137","11.47958"
"11.60000","11.57945","0.47650","0.36186","0.07942","0.47650","11.57945"
"11.70000","11.67954","0.50883","0.36499","0.08481","0.50883","11.67954"
"11.80000","11.77966","0.51889","0.36811","0.08648","0.51889","11.77966"
"11.90000","11.87950","0.51829","0.37123","0.08638","0.51829","11.87950"
"12.00000","11.97948","0.44327","0.37436","0.07388","0.44327","11.97948"
"12.10000","12.07959","0.45905","0.37749","0.07651","0.45905","12.07959"
"12.20000","12.17961","0.45762","0.38061","0.07627","0.45762","12.17961"
"12.30000","12.27954","0.51130","0.38374","0.08522","0.51130","12.27954"
"12.40000","12.37946","0.44928","0.38686","0.07488","0.44928","12.37946"
"12.50000","12.47947","0.44835","0.38998","0.07473","0.44835","12.47947"
"12.60000","12.57952","0.38729","0.39311","0.06455","0.38729","12.57952"
"12.70000","12.67954","0.49509","0.39624","0.08252","0.49509","12.67954"
"12.80000","12.77945","0.50166","0.39936","0.08361","0.50166","12.77945"
"12.90000","12.87952","0.49254","0.40249","0.08209","0.49254","12.87952"
"13.00000","12.97960","0.46883","0.40561","0.07814","0.46883","12.97960"
"13.10000","13.07959","0.53034","0.40874","0.08839","0.53034","13.07959"
"13.20000","13.17944","0.54537","0.41186","0.09090","0.54537","13.17944"
"13.30000","13.27946","0.51198","0.41498","0.08533","0.51198","13.27946"
"13.40000","13.37958","0.54957","0.41811","0.09160","0.54957","13.37958"
"13.50000","13.47954","0.56837","0.42124","0.09473","0.56837","13.47954"
"13.60000","13.57942","0.51608","0.42436","0.08601","0.51608","13.57942"
"13.70000","13.67950","0.48474","0.42748","0.08079","0.48474","13.67950"
"13.80000","13.77964","0.50268","0.43061","0.08378","0.50268","13.77964"
"13.90000","13.87952","0.58539","0.43374","0.09757","0.58539","13.87952"
"14.00000","13.97941","0.50306","0.43686","0.08384","0.50306","13.97941"
"14.10000","14.07949","0.54814","0.43998","0.09136","0.54814","14.07949"
"14.20000","14.17960","0.54563","0.44311","0.09094","0.54563","14.17960"
"14.30000","14.27951","0.54136","0.44623","0.09023","0.54136","14.27951"
"14.40000","14.37946","0.56814","0.44936","0.09469","0.56814","14.37946"
"14.50000","14.47949","0.55852","0.45248","0.09309","0.55852","14.47949"
"14.60000","14.57957","0.55402","0.45561","0.09234","0.55402","14.57957"
"14.70000","14.67953","0.52541","0.45874","0.08757","0.52541","14.67953"
"14.80000","14.77944","0.60394","0.46186","0.10066","0.60394","14.77944"
"14.90000","14.87944","0.53245","0.46498","0.08874","0.53245","14.87944"
"15.00000","14.97953","0.57414","0.46811","0.09569","0.57414","14.97953"
"15.10000","15.07955","0.57561","0.47124","0.09594","0.57561","15.07955"
"15.20000","15.17948","0.57586","0.47436","0.09598","0.57586","15.17948"
"15.30000","15.27945","0.56036","0.47748","0.09339","0.56036","15.27945"
"15.40000","15.37956","0.59454","0.48061","0.09909","0.59454","15.37956"
"15.50000","15.47955","0.57915","0.48374","0.09653","0.57915","15.47955"
"15.60000","15.57936","0.61996","0.48686","0.10333","0.61996","15.57936"
"15.70000","15.67944","0.56926","0.48998","0.09488","0.56926","15.67944"
"15.80000","15.77960","0.61615","0.49311","0.10269","0.61615","15.77960"
"15.90000","15.87951","0.58690","0.49623","0.09782","0.58690","15.87951"
"16.00000","15.97936","0.68602","0.49936","0.11434","0.68602","15.97936"
"16.10000","16.07943","0.63596","0.50248","0.10599","0.63596","16.07943"
"16.20000","16.17958","0.65179","0.50561","0.10863","0.65179","16.17958"
"16.30000","16.27945","0.55845","0.50873","0.09307","0.55845","16.27945"
"16.40000","16.37939","0.54004","0.51186","0.09001","0.54004","16.37939"
"16.50000","16.47945","0.62069","0.51498","0.10345","0.62069","16.47945"
"16.60000","16.57954","0.66210","0.51811","0.11035","0.66210","16.57954"
"16.70000","16.67954","0.61463","0.52124","0.10244","0.61463","16.67954"
"16.80000","16.77944","0.59356","0.52436","0.09893","0.59356","16.77944"
"16.90000","16.87942","0.64440","0.52748","0.10740","0.64440","16.87942"
"17.00000","16.97952","0.62277","0.53061","0.10380","0.62277","16.97952"
"17.10000","17.07949","0.65003","0.53373","0.10834","0.65003","17.07949"
"17.20000","17.17940","0.62301","0.53686","0.10384","0.62301","17.17940"
"17.30000","17.27940","0.67394","0.53998","0.11232","0.67394","17.27940"
"17.40000","17.37949","0.65753","0.54311","0.10959","0.65753","17.37949"
"17.50000","17.47957","0.66460","0.54624","0.11077","0.66460","17.47957"
"17.60000","17.57938","0.67150","0.54936","0.11192","0.67150","17.57938"
"17.70000","17.67938","0.70570","0.55248","0.11762","0.70570","17.67938"
"17.80000","17.77949","0.62020","0.55561","0.10337","0.62020","17.77949"
"17.90000","17.87950","0.69125","0.55873","0.11521","0.69125","17.87950"
"18.00000","17.97937","0.67553","0.56186","0.11259","0.67553","17.97937"
"18.10000","18.07944","0.64227","0.56498","0.10704","0.64227","18.07944"
"18.20000","18.17956","0.65286","0.56811","0.10881","0.65286","18.17956"
"18.30000","18.27947","0.71265","0.57123","0.11877","0.71265","18.27947"
"18.40000","18.37933","0.73680","0.57435","0.12280","0.73680","18.37933"
"18.50000","18.47943","0.68699","0.57748","0.11450","0.68699","18.47943"
"18.60000","18.57957","0.74300","0.58061","0.12383","0.74300","18.57957"
"18.70000","18.67948","0.71442","0.58373","0.11907","0.71442","18.67948"
"18.80000","18.77939","0.81036","0.58686","0.13506","0.81036","18.77939"
"18.90000","18.87939","0.64695","0.58998","0.10782","0.64695","18.87939"
"19.00000","18.97943","0.68033","0.59311","0.11339","0.68033","18.97943"
"19.10000","19.07947","0.76122","0.59623","0.12687","0.76122","19.07947"
"19.20000","19.17936","0.69518","0.59935","0.11586","0.69518","19.17936"
"19.30000","19.27938","0.69127","0.60248","0.11521","0.69127","19.27938"
"19.40000","19.37950","0.73961","0.60561","0.12327","0.73961","19.37950"
"19.50000","19.47945","0.77820","0.60873","0.12970","0.77820","19.47945"
"19.60000","19.57937","0.74839","0.61186","0.12473","0.74839","19.57937"
"19.70000","19.67936","0.75889","0.61498","0.12648","0.75889","19.67936"
"19.80000","19.77946","0.73756","0.61811","0.12293","0.73756","19.77946"
"19.90000","19.87953","0.85017","0.62124","0.14170","0.85017","19.87953"
"20.00000","19.97941","0.74859","0.62436","0.12477","0.74859","19.97941"
"20.10000","20.07939","0.80359","0.62748","0.13393","0.80359","20.07939"
"20.20000","20.17951","0.72105","0.63061","0.12017","0.72105","20.17951"
"20.30000","20.27954","0.69232","0.63374","0.11539","0.69232","20.27954"
"20.40000","20.37935","0.74637","0.63685","0.12440","0.74637","20.37935"
"20.50000","20.47939","0.79658","0.63998","0.13276","0.79658","20.47939"
"20.60000","20.57950","0.75544","0.64311","0.12591","0.75544","20.57950"
"20.70000","20.67948","0.78254","0.64623","0.13042","0.78254","20.67948"
"20.80000","20.77934","0.81308","0.64935","0.13551","0.81308","20.77934"
"20.90000","20.87939","0.75430","0.65248","0.12572","0.75430","20.87939"
"21.00000","20.97952","0.79683","0.65561","0.13281","0.79683","20.97952"
"21.10000","21.07949","0.79996","0.65873","0.13333","0.79996","21.07949"
"21.20000","21.17939","0.77633","0.66186","0.12939","0.77633","21.17939"
"21.30000","21.27940","0.75950","0.66498","0.12658","0.75950","21.27940"
"21.40000","21.37945","0.79987","0.66811","0.13331","0.79987","21.37945"
"21.50000","21.47950","0.79003","0.67123","0.13167","0.79003","21.47950"
"21.60000","21.57938","0.83583","0.67436","0.13930","0.83583","21.57938"
"21.70000","21.67939","0.79144","0.67748","0.13191","0.79144","21.67939"
"21.80000","21.77949","0.81726","0.68061","0.13621","0.81726","21.77949"
"21.90000","21.87948","0.74879","0.68373","0.12480","0.74879","21.87948"
"22.00000","21.97938","0.75193","0.68686","0.12532","0.75193","21.97938"
"22.10000","22.07937","0.83643","0.68998","0.13940","0.83643","22.07937"
"22.20000","22.17947","0.80742","0.69311","0.13457","0.80742","22.17947"
"22.30000","22.27951","0.81469","0.69623","0.13578","0.81469","22.27951"
"22.40000","22.37938","0.80086","0.69936","0.13348","0.80086","22.37938"
"22.50000","22.47938","0.80459","0.70248","0.13410","0.80459","22.47938"
"22.60000","22.57949","0.81240","0.70561","0.13540","0.81240","22.57949"
"22.70000","22.67955","0.82194","0.70874","0.13699","0.82194","22.67955"
"22.80000","22.77937","0.78931","0.71186","0.13155","0.78931","22.77937"
"22.90000","22.87940","0.90387","0.71498","0.15065","0.90387","22.87940"
"23.00000","22.97953","0.81913","0.71811","0.13652","0.81913","22.97953"
"23.10000","23.07949","0.81417","0.72123","0.13569","0.81417","23.07949"
"23.20000","23.17936","0.79257","0.72436","0.13210","0.79257","23.17936"
"23.30000","23.27941","0.86556","0.72748","0.14426","0.86556","23.27941"
"23.40000","23.37952","0.82331","0.73061","0.13722","0.82331","23.37952"
"23.50000","23.47952","0.81009","0.73374","0.13502","0.81009","23.47952"
"23.60000","23.57945","0.79782","0.73686","0.13297","0.79782","23.57945"
"23.70000","23.67948","0.81157","0.73998","0.13526","0.81157","23.67948"
"23.80000","23.77948","0.87597","0.74311","0.14599","0.87597","23.77948"
"23.90000","23.87958","0.86298","0.74624","0.14383","0.86298","23.87958"
"24.00000","23.97944","0.80079","0.74936","0.13346","0.80079","23.97944"
"24.10000","24.07936","0.89325","0.75248","0.14887","0.89325","24.07936"
"24.20000","24.17951","0.88179","0.75561","0.14697","0.88179","24.17951"
"24.30000","24.27956","0.84808","0.75874","0.14135","0.84808","24.27956"
"24.40000","24.37943","0.86952","0.76186","0.14492","0.86952","24.37943"
"24.50000","24.47939","0.88421","0.76498","0.14737","0.88421","24.47939"
"24.60000","24.57948","0.89502","0.76811","0.14917","0.89502","24.57948"
"24.70000","24.67957","0.87038","0.77124","0.14506","0.87038","24.67957"
"24.80000","24.77945","0.83767","0.77436","0.13961","0.83767","24.77945"
"24.90000","24.87941","0.91465","0.77748","0.15244","0.91465","24.87941"
"25.00000","24.97953","0.85489","0.78061","0.14248","0.85489","24.97953"
"25.10000","25.07957","0.90455","0.78374","0.15076","0.90455","25.07957"
"25.20000","25.17944","0.79139","0.78686","0.13190","0.79139","25.17944"
"25.30000","25.27944","0.89900","0.78998","0.14983","0.89900","25.27944"
"25.40000","25.37953","0.92544","0.79311","0.15424","0.92544","25.37953"
"25.50000","25.47954","0.92913","0.79624","0.15485","0.92913","25.47954"
"25.60000","25.57947","0.89640","0.79936","0.14940","0.89640","25.57947"
"25.70000","25.67949","0.89932","0.80248","0.14989","0.89932","25.67949"
"25.80000","25.77952","0.90280","0.80561","0.15047","0.90280","25.77952"
"25.90000","25.87952","0.88489","0.80874","0.14748","0.88489","25.87952"
"26.00000","25.97949","0.94347","0.81186","0.15725","0.94347","25.97949"
"26.10000","26.07944","0.88590","0.81498","0.14765","0.88590","26.07944"
"26.20000","26.17951","0.86752","0.81811","0.14459","0.86752","26.17951"
"26.30000","26.27963","0.91979","0.82124","0.15330","0.91979","26.27963"
"26.40000","26.37951","0.92915","0.82436","0.15486","0.92915","26.37951"
"26.50000","26.47948","0.92225","0.82748","0.15371","0.92225","26.47948"
"26.60000","26.57955","0.95968","0.83061","0.15995","0.95968","26.57955"
"26.70000","26.67964","0.98328","0.83374","0.16388","0.98328","26.67964"
"26.80000","26.77948","0.97835","0.83686","0.16306","0.97835","26.77948"
"26.90000","26.87940","0.86760","0.83998","0.14460","0.86760","26.87940"
"27.00000","26.97957","0.96157","0.84311","0.16026","0.96157","26.97957"
"27.10000","27.07964","0.92691","0.84624","0.15448","0.92691","27.07964"
"27.20000","27.17950","0.93068","0.84936","0.15511","0.93068","27.17950"
"27.30000","27.27947","0.97781","0.85248","0.16297","0.97781","27.27947"
"27.40000","27.37957","0.95920","0.85561","0.15987","0.95920","27.37957"
"27.50000","27.47963","0.97385","0.85874","0.16231","0.97385","27.47963"
"27.60000","27.57949","0.96593","0.86186","0.16099","0.96593","27.57949"
"27.70000","27.67943","0.99237","0.86498","0.16540","0.99237","27.67943"
"27.80000","27.77952","0.96396","0.86811","0.16066","0.96396","27.77952"
"27.90000","27.87957","0.90478","0.87124","0.15080","0.90478","27.87957"
"28.00000","27.97952","1.01246","0.87436","0.16874","1.01246","27.97952"
"28.10000","28.07953","1.01101","0.87749","0.16850","1.01101","28.07953"
"28.20000","28.17956","0.96885","0.88061","0.16148","0.96885","28.17956"
"28.30000","28.27959","0.95417","0.88374","0.15903","0.95417","28.27959"
"28.40000","28.37955","1.00183","0.88686","0.16697","1.00183","28.37955"
"28.50000","28.47947","1.00333","0.88998","0.16722","1.00333","28.47947"
"28.60000","28.57953","1.01274","0.89311","0.16879","1.01274","28.57953"
"28.70000","28.67967","0.91990","0.89624","0.15332","0.91990","28.67967"
"28.80000","28.77954","0.96247","0.89936","0.16041","0.96247","28.77954"
"28.90000","28.87946","1.06239","0.90248","0.17707","1.06239","28.87946"
"29.00000","28.97958","1.06901","0.90561","0.17817","1.06901","28.97958"
"29.10000","29.07965","1.00152","0.90874","0.16692","1.00152","29.07965"
"29.20000","29.17949","1.02012","0.91186","0.17002","1.02012","29.17949"
"29.30000","29.27949","1.03525","0.91498","0.17254","1.03525","29.27949"
"29.40000","29.37958","1.01097","0.91811","0.16849","1.01097","29.37958"
"29.50000","29.47963","1.02073","0.92124","0.17012","1.02073","29.47963"
"29.60000","29.57951","1.05437","0.92436","0.17573","1.05437","29.57951"
"29.70000","29.67946","1.04044","0.92748","0.17341","1.04044","29.67946"
"29.80000","29.77959","1.09865","0.93061","0.18311","1.09865","29.77959"
"29.90000","29.87963","1.01554","0.93374","0.16926","1.01554","29.87963"
"30.00000","29.97959","0.98641","0.93686","0.16440","0.98641","29.97959"
"30.10000","30.07949","1.03326","0.93998","0.17221","1.03326","30.07949"
"30.20000","30.17954","1.03935","0.94311","0.17323","1.03935","30.17954"
"30.30000","30.27959","1.06061","0.94624","0.17677","1.06061","30.27959"
"30.40000","30.37955","1.00940","0.94936","0.16823","1.00940","30.37955"
"30.50000","30.47952","1.05417","0.95249","0.17570","1.05417","30.47952"
"30.60000","30.57957","1.09497","0.95561","0.18250","1.09497","30.57957"
"30.70000","30.67963","1.05763","0.95874","0.17627","1.05763","30.67963"
"30.80000","30.77957","1.04078","0.96186","0.17346","1.04078","30.77957"
"30.90000","30.87945","1.07494","0.96498","0.17916","1.07494","30.87945"
"31.00000","30.97953","1.15959","0.96811","0.19326","1.15959","30.97953"
"31.10000","31.07967","1.04185","0.97124","0.17364","1.04185","31.07967"
"31.20000","31.17957","1.02205","0.97436","0.17034","1.02205","31.17957"
"31.30000","31.27949","1.07601","0.97748","0.17933","1.07601","31.27949"
"31.40000","31.37954","1.08774","0.98061","0.18129","1.08774","31.37954"
"31.50000","31.47967","1.18936","0.98374","0.19823","1.18936","31.47967"
"31.60000","31.57952","1.09490","0.98686","0.18248","1.09490","31.57952"
"31.70000","31.67949","1.06167","0.98998","0.17695","1.06167","31.67949"
"31.80000","31.77961","1.08866","0.99311","0.18144","1.08866","31.77961"
"31.90000","31.87967","1.14353","0.99624","0.19059","1.14353","31.87967"
"32.00000","31.97956","1.16082","0.99936","0.19347","1.16082","31.97956"
"32.10000","32.07951","1.07811","1.00248","0.17968","1.07811","32.07951"
"32.20000","32.17962","1.11956","1.00561","0.18659","1.11956","32.17962"
"32.30000","32.27964","1.14398","1.00874","0.19066","1.14398","32.27964"
"32.40000","32.37958","1.09622","1.01186","0.18270","1.09622","32.37958"
"32.50000","32.47943","1.07948","1.01498","0.17991","1.07948","32.47943"
"32.60000","32.57950","1.08394","1.01811","0.18066","1.08394","32.57950"
"32.70000","32.67962","1.09465","1.02124","0.18244","1.09465","32.67962"
"32.80000","32.77957","1.10795","1.02436","0.18466","1.10795","32.77957"
"32.90000","32.87952","1.12730","1.02748","0.18788","1.12730","32.87952"
"33.00000","32.97953","1.14275","1.03061","0.19046","1.14275","32.97953"
"33.10000","33.07963","1.12756","1.03374","0.18793","1.12756","33.07963"
"33.20000","33.17959","1.18061","1.03686","0.19677","1.18061","33.17959"
"33.30000","33.27943","1.15779","1.03998","0.19297","1.15779","33.27943"
"33.40000","33.37954","1.14204","1.04311","0.19034","1.14204","33.37954"
"33.50000","33.47968","1.15264","1.04624","0.19211","1.15264","33.47968"
"33.60000","33.57956","1.21138","1.04936","0.20190","1.21138","33.57956"
"33.70000","33.67950","1.17477","1.05248","0.19580","1.17477","33.67950"
"33.80000","33.77952","1.21705","1.05561","0.20284","1.21705","33.77952"
"33.90000","33.87963","1.14070","1.05874","0.19012","1.14070","33.87963"
"34.00000","33.97950","1.15773","1.06186","0.19295","1.15773","33.97950"
"34.10000","34.07944","1.27914","1.06498","0.21319","1.27914","34.07944"
"34.20000","34.17953","1.15192","1.06811","0.19199","1.15192","34.17953"
"34.30000","34.27964","1.15308","1.07124","0.19218","1.15308","34.27964"
"34.40000","34.37956","1.19747","1.07436","0.19958","1.19747","34.37956"
"34.50000","34.47949","1.21708","1.07748","0.20285","1.21708","34.47949"
"34.60000","34.57953","1.30508","1.08061","0.21751","1.30508","34.57953"
"34.70000","34.67961","1.22053","1.08374","0.20342","1.22053","34.67961"
"34.80000","34.77956","1.24338","1.08686","0.20723","1.24338","34.77956"
"34.90000","34.87946","1.22512","1.08998","0.20419","1.22512","34.87946"
"35.00000","34.97951","1.26148","1.09311","0.21025","1.26148","34.97951"
"35.10000","35.07960","1.21060","1.09624","0.20177","1.21060","35.07960"
"35.20000","35.17959","1.20767","1.09936","0.20128","1.20767","35.17959"
"35.30000","35.27946","1.30305","1.10248","0.21718","1.30305","35.27946"
"35.40000","35.37949","1.24727","1.10561","0.20788","1.24727","35.37949"
"35.50000","35.47963","1.24047","1.10874","0.20674","1.24047","35.47963"
"35.60000","35.57956","1.26687","1.11186","0.21114","1.26687","35.57956"
"35.70000","35.67941","1.19814","1.11498","0.19969","1.19814","35.67941"
"35.80000","35.77952","1.24362","1.11811","0.20727","1.24362","35.77952"
"35.90000","35.87961","1.27201","1.12124","0.21200","1.27201","35.87961"
"36.00000","35.97954","1.17536","1.12436","0.19589","1.17536","35.97954"
"36.10000","36.07942","1.17871","1.12748","0.19645","1.17871","36.07942"
"36.20000","36.17950","1.21309","1.13061","0.20218","1.21309","36.17950"
"36.30000","36.27956","1.26763","1.13374","0.21127","1.26763","36.27956"
"36.40000","36.37951","1.28589","1.13686","0.21432","1.28589","36.37951"
"36.50000","36.47945","1.24025","1.13998","0.20671","1.24025","36.47945"
"36.60000","36.57950","1.19664","1.14311","0.19944","1.19664","36.57950"
"36.70000","36.67959","1.31698","1.14624","0.21950","1.31698","36.67959"
"36.80000","36.77952","1.24451","1.14936","0.20742","1.24451","36.77952"
"36.90000","36.87945","1.19185","1.15248","0.19864","1.19185","36.87945"
"37.00000","36.97952","1.23160","1.15561","0.20527","1.23160","36.97952"
"37.10000","37.07956","1.27728","1.15874","0.21288","1.27728","37.07956"
"37.20000","37.17955","1.16027","1.16186","0.19338","1.16027","37.17955"
"37.30000","37.27942","1.21619","1.16498","0.20270","1.21619","37.27942"
"37.40000","37.37943","1.29708","1.16811","0.21618","1.29708","37.37943"
"37.50000","37.47958","1.33397","1.17124","0.22233","1.33397","37.47958"
"37.60000","37.57953","1.28026","1.17436","0.21338","1.28026","37.57953"
"37.70000","37.67939","1.29587","1.17748","0.21598","1.29587","37.67939"
"37.80000","37.77942","1.31288","1.18061","0.21881","1.31288","37.77942"
"37.90000","37.87958","1.28756","1.18374","0.21459","1.28756","37.87958"
"38.00000","37.97951","1.30046","1.18686","0.21674","1.30046","37.97951"
"38.10000","38.07939","1.29385","1.18998","0.21564","1.29385","38.07939"
"38.20000","38.17948","1.27246","1.19311","0.21208","1.27246","38.17948"
"38.30000","38.27960","1.28102","1.19624","0.21350","1.28102","38.27960"
"38.40000","38.37952","1.33611","1.19936","0.22268","1.33611","38.37952"
"38.50000","38.47942","1.33949","1.20248","0.22325","1.33949","38.47942"
"38.60000","38.57945","1.28140","1.20561","0.21357","1.28140","38.57945"
"38.70000","38.67953","1.32796","1.20874","0.22133","1.32796","38.67953"
"38.80000","38.77948","1.35947","1.21186","0.22658","1.35947","38.77948"
"38.90000","38.87941","1.40141","1.21498","0.23357","1.40141","38.87941"
"39.00000","38.97944","1.33574","1.21811","0.22262","1.33574","38.97944"
"39.10000","39.07955","1.29818","1.22124","0.21636","1.29818","39.07955"
"39.20000","39.17949","1.40215","1.22436","0.23369","1.40215","39.17949"
"39.30000","39.27939","1.32337","1.22748","0.22056","1.32337","39.27939"
"39.40000","39.37943","1.25160","1.23061","0.20860","1.25160","39.37943"
"39.50000","39.47954","1.37800","1.23374","0.22967","1.37800","39.47954"
"39.60000","39.57951","1.34936","1.23686","0.22489","1.34936","39.57951"
"39.70000","39.67938","1.35619","1.23998","0.22603","1.35619","39.67938"
"39.80000","39.77936","1.33579","1.24310","0.22263","1.33579","39.77936"
"39.90000","39.87958","1.36896","1.24624","0.22816","1.36896","39.87958"
"40.00000","39.97955","1.31097","1.24936","0.21849","1.31097","39.97955"
"40.10000","40.07932","1.40050","1.25248","0.23342","1.40050","40.07932"
"40.20000","40.17938","1.42061","1.25561","0.23677","1.42061","40.17938"
"40.30000","40.27954","1.38309","1.25874","0.23051","1.38309","40.27954"
"40.40000","40.37946","1.43639","1.26186","0.23940","1.43639","40.37946"
"40.50000","40.47942","1.35805","1.26498","0.22634","1.35805","40.47942"
"40.60000","40.57944","1.43996","1.26811","0.23999","1.43996","40.57944"
"40.70000","40.67957","1.40549","1.27124","0.23425","1.40549","40.67957"
"40.80000","40.77951","1.37714","1.27436","0.22952","1.37714","40.77951"
"40.90000","40.87938","1.44202","1.27748","0.24034","1.44202","40.87938"
"41.00000","40.97929","1.37698","1.28060","0.22950","1.37698","40.97929"
"41.10000","41.07945","1.36693","1.28373","0.22782","1.36693","41.07945"
"41.20000","41.17945","1.45744","1.28686","0.24291","1.45744","41.17945"
"41.30000","41.27942","1.40611","1.28998","0.23435","1.40611","41.27942"
"41.40000","41.37943","1.49216","1.29311","0.24869","1.49216","41.37943"
"41.50000","41.47950","1.43459","1.29623","0.23910","1.43459","41.47950"
"41.60000","41.57949","1.42738","1.29936","0.23790","1.42738","41.57949"
"41.70000","41.67939","1.48071","1.30248","0.24678","1.48071","41.67939"
"41.80000","41.77943","1.54676","1.30561","0.25779","1.54676","41.77943"
"41.90000","41.87953","1.49713","1.30874","0.24952","1.49713","41.87953"
"42.00000","41.97954","1.36914","1.31186","0.22819","1.36914","41.97954"
"42.10000","42.07936","1.47435","1.31498","0.24572","1.47435","42.07936"
"42.20000","42.17933","1.51848","1.31810","0.25308","1.51848","42.17933"
"42.30000","42.27951","1.46721","1.32123","0.24454","1.46721","42.27951"
"42.40000","42.37954","1.46822","1.32436","0.24470","1.46822","42.37954"
"42.50000","42.47932","1.43872","1.32748","0.23979","1.43872","42.47932"
"42.60000","42.57932","1.45188","1.33060","0.24198","1.45188","42.57932"
"42.70000","42.67955","1.44827","1.33374","0.24138","1.44827","42.67955"
"42.80000","42.77945","1.40961","1.33686","0.23493","1.40961","42.77945"
"42.90000","42.87934","1.50491","1.33998","0.25082","1.50491","42.87934"
"43.00000","42.97938","1.50300","1.34311","0.25050","1.50300","42.97938"
"43.10000","43.07948","1.50302","1.34623","0.25050","1.50302","43.07948"
"43.20000","43.17952","1.47048","1.34936","0.24508","1.47048","43.17952"
"43.30000","43.27937","1.42829","1.35248","0.23805","1.42829","43.27937"
"43.40000","43.37941","1.48097","1.35561","0.24683","1.48097","43.37941"
"43.50000","43.47949","1.51044","1.35873","0.25174","1.51044","43.47949"
"43.60000","43.57948","1.55711","1.36186","0.25952","1.55711","43.57948"
"43.70000","43.67943","1.51225","1.36498","0.25204","1.51225","43.67943"
"43.80000","43.77938","1.52586","1.36811","0.25431","1.52586","43.77938"
"43.90000","43.87947","1.55078","1.37123","0.25846","1.55078","43.87947"
"44.00000","43.97950","1.53134","1.37436","0.25522","1.53134","43.97950"
"44.10000","44.07940","1.50215","1.37748","0.25036","1.50215","44.07940"
"44.20000","44.17940","1.53177","1.38061","0.25529","1.53177","44.17940"
"44.30000","44.27954","1.56199","1.38374","0.26033","1.56199","44.27954"
"44.40000","44.37953","1.53643","1.38686","0.25607","1.53643","44.37953"
"44.50000","44.47935","1.60589","1.38998","0.26765","1.60589","44.47935"
"44.60000","44.57931","1.52271","1.39310","0.25379","1.52271","44.57931"
"44.70000","44.67951","1.61509","1.39623","0.26918","1.61509","44.67951"
"44.80000","44.77954","1.60585","1.39936","0.26764","1.60585","44.77954"
"44.90000","44.87934","1.57619","1.40248","0.26270","1.57619","44.87934"
"45.00000","44.97943","1.54147","1.40561","0.25691","1.54147","44.97943"
"45.10000","45.07952","1.56713","1.40874","0.26119","1.56713","45.07952"
"45.20000","45.17948","1.62031","1.41186","0.27005","1.62031","45.17948"
"45.30000","45.27937","1.56240","1.41498","0.26040","1.56240","45.27937"
"45.40000","45.37941","1.54963","1.41811","0.25827","1.54963","45.37941"
"45.50000","45.47951","1.59709","1.42123","0.26618","1.59709","45.47951"
"45.60000","45.57951","1.62902","1.42436","0.27150","1.62902","45.57951"
"45.70000","45.67939","1.64497","1.42748","0.27416","1.64497","45.67939"
"45.80000","45.77938","1.55367","1.43061","0.25895","1.55367","45.77938"
"45.90000","45.87948","1.59790","1.43373","0.26632","1.59790","45.87948"
"46.00000","45.97953","1.61328","1.43686","0.26888","1.61328","45.97953"
"46.10000","46.07946","1.66225","1.43998","0.27704","1.66225","46.07946"
"46.20000","46.17941","1.61770","1.44311","0.26962","1.61770","46.17941"
"46.30000","46.27951","1.59443","1.44623","0.26574","1.59443","46.27951"
"46.40000","46.37954","1.64375","1.44936","0.27396","1.64375","46.37954"
"46.50000","46.47941","1.65704","1.45248","0.27617","1.65704","46.47941"
"46.60000","46.57941","1.57871","1.45561","0.26312","1.57871","46.57941"
"46.70000","46.67953","1.59829","1.45874","0.26638","1.59829","46.67953"
"46.80000","46.77959","1.57207","1.46186","0.26201","1.57207","46.77959"
"46.90000","46.87943","1.66212","1.46498","0.27702","1.66212","46.87943"
"47.00000","46.97941","1.74704","1.46811","0.29117","1.74704","46.97941"
"47.10000","47.07954","1.60046","1.47124","0.26674","1.60046","47.07954"
"47.20000","47.17958","1.70881","1.47436","0.28480","1.70881","47.17958"
"47.30000","47.27940","1.61776","1.47748","0.26963","1.61776","47.27940"
"47.40000","47.37941","1.69685","1.48061","0.28281","1.69685","47.37941"
"47.50000","47.47953","1.61504","1.48374","0.26917","1.61504","47.47953"
"47.60000","47.57953","1.67969","1.48686","0.27995","1.67969","47.57953"
"47.70000","47.67946","1.61504","1.48998","0.26917","1.61504","47.67946"
"47.80000","47.77943","1.71851","1.49311","0.28642","1.71851","47.77943"
"47.90000","47.87955","1.75454","1.49624","0.29242","1.75454","47.87955"
"48.00000","47.97956","1.70243","1.49936","0.28374","1.70243","47.97956"
"48.10000","48.07946","1.71172","1.50248","0.28529","1.71172","48.07946"
"48.20000","48.17941","1.73240","1.50561","0.28873","1.73240","48.17941"
"48.30000","48.27948","1.70213","1.50873","0.28369","1.70213","48.27948"
"48.40000","48.37958","1.68898","1.51186","0.28150","1.68898","48.37958"
"48.50000","48.47947","1.69975","1.51498","0.28329","1.69975","48.47947"
"48.60000","48.57943","1.77501","1.51811","0.29583","1.77501","48.57943"
"48.70000","48.67955","1.78676","1.52124","0.29779","1.78676","48.67955"
"48.80000","48.77961","1.82126","1.52436","0.30354","1.82126","48.77961"
"48.90000","48.87951","1.70190","1.52748","0.28365","1.70190","48.87951"
"49.00000","48.97942","1.69838","1.53061","0.28306","1.69838","48.97942"
"49.10000","49.07954","1.73474","1.53374","0.28912","1.73474","49.07954"
"49.20000","49.17962","1.80870","1.53686","0.30145","1.80870","49.17962"
"49.30000","49.27949","1.80094","1.53998","0.30016","1.80094","49.27949"
"49.40000","49.37945","1.72607","1.54311","0.28768","1.72607","49.37945"
"49.50000","49.47946","1.74581","1.54623","0.29097","1.74581","49.47946"
"49.60000","49.57956","1.80987","1.54936","0.30165","1.80987","49.57956"
"49.70000","49.67950","1.82306","1.55248","0.30384","1.82306","49.67950"
"49.80000","49.77948","1.77054","1.55561","0.29509","1.77054","49.77948"
"49.90000","49.87959","1.81091","1.55874","0.30182","1.81091","49.87959"
"50.00000","49.97957","1.85064","1.56186","0.30844","1.85064","49.97957"
"50.10000","50.07952","1.74422","1.56499","0.29070","1.74422","50.07952"
"50.20000","50.17950","1.79753","1.56811","0.29959","1.79753","50.17950"
"50.30000","50.27956","1.79734","1.57124","0.29956","1.79734","50.27956"
"50.40000","50.37963","1.81842","1.57436","0.30307","1.81842","50.37963"
"50.50000","50.47952","1.86290","1.57749","0.31048","1.86290","50.47952"
"50.60000","50.57944","1.84153","1.58061","0.30692","1.84153","50.57944"
"50.70000","50.67953","1.85740","1.58374","0.30957","1.85740","50.67953"
"50.80000","50.77964","1.82646","1.58686","0.30441","1.82646","50.77964"
"50.90000","50.87952","1.81907","1.58998","0.30318","1.81907","50.87952"
"51.00000","50.97944","1.86707","1.59311","0.31118","1.86707","50.97944"
"51.10000","51.07955","1.82118","1.59624","0.30353","1.82118","51.07955"
"51.20000","51.17965","1.85631","1.59936","0.30938","1.85631","51.17965"
"51.30000","51.27952","1.85912","1.60249","0.30985","1.85912","51.27952"
"51.40000","51.37946","1.86966","1.60561","0.31161","1.86966","51.37946"
"51.50000","51.47958","1.76748","1.60874","0.29458","1.76748","51.47958"
"51.60000","51.57962","1.81369","1.61186","0.30228","1.81369","51.57962"
"51.70000","51.67952","1.93265","1.61498","0.32211","1.93265","51.67952"
"51.80000","51.77950","1.91658","1.61811","0.31943","1.91658","51.77950"
"51.90000","51.87963","1.91254","1.62124","0.31876","1.91254","51.87963"
"52.00000","51.97961","1.84306","1.62436","0.30718","1.84306","51.97961"
"52.10000","52.07952","1.84995","1.62748","0.30833","1.84995","52.07952"
"52.20000","52.17951","1.90643","1.63061","0.31774","1.90643","52.17951"
"52.30000","52.27954","1.92028","1.63374","0.32005","1.92028","52.27954"
"52.40000","52.37962","1.93132","1.63686","0.32189","1.93132","52.37962"
"52.50000","52.47959","1.90107","1.63999","0.31685","1.90107","52.47959"
"52.60000","52.57950","1.94885","1.64311","0.32481","1.94885","52.57950"
"52.70000","52.67956","1.91183","1.64624","0.31864","1.91183","52.67956"
"52.80000","52.77963","1.88151","1.64936","0.31358","1.88151","52.77963"
"52.90000","52.87955","1.83795","1.65249","0.30633","1.83795","52.87955"
"53.00000","52.97946","1.96273","1.65561","0.32712","1.96273","52.97946"
"53.10000","53.07948","1.91670","1.65873","0.31945","1.91670","53.07948"
"53.20000","53.17965","1.97054","1.66186","0.32842","1.97054","53.17965"
"53.30000","53.27960","1.91399","1.66499","0.31900","1.91399","53.27960"
"53.40000","53.37950","1.96449","1.66811","0.32741","1.96449","53.37950"
"53.50000","53.47958","2.00182","1.67124","0.33364","2.00182","53.47958"
"53.60000","53.57967","1.98957","1.67436","0.33160","1.98957","53.57967"
"53.70000","53.67958","1.93990","1.67749","0.32332","1.93990","53.67958"
"53.80000","53.77949","1.95433","1.68061","0.32572","1.95433","53.77949"
"53.90000","53.87960","2.03804","1.68374","0.33967","2.03804","53.87960"
"54.00000","53.97965","1.97360","1.68686","0.32893","1.97360","53.97965"
"54.10000","54.07949","1.94601","1.68998","0.32433","1.94601","54.07949"
"54.20000","54.17950","1.95992","1.69311","0.32665","1.95992","54.17950"
"54.30000","54.27961","2.05654","1.69624","0.34276","2.05654","54.27961"
"54.40000","54.37958","2.03469","1.69936","0.33912","2.03469","54.37958"
"54.50000","54.47955","1.99530","1.70249","0.33255","1.99530","54.47955"
"54.60000","54.57948","1.96049","1.70561","0.32675","1.96049","54.57948"
"54.70000","54.67952","2.02985","1.70873","0.33831","2.02985","54.67952"
"54.80000","54.77966","2.05551","1.71186","0.34259","2.05551","54.77966"
"54.90000","54.87961","1.98982","1.71499","0.33164","1.98982","54.87961"
"55.00000","54.97948","1.99827","1.71811","0.33305","1.99827","54.97948"
"55.10000","55.07956","1.99793","1.72124","0.33299","1.99793","55.07956"
"55.20000","55.17964","2.07462","1.72436","0.34577","2.07462","55.17964"
"55.30000","55.27958","2.09917","1.72749","0.34986","2.09917","55.27958"
"55.40000","55.37947","2.05634","1.73061","0.34272","2.05634","55.37947"
"55.50000","55.47953","2.01285","1.73374","0.33548","2.01285","55.47953"
"55.60000","55.57969","2.09566","1.73687","0.34928","2.09566","55.57969"
"55.70000","55.67958","2.04942","1.73999","0.34157","2.04942","55.67958"
"55.80000","55.77946","2.03754","1.74311","0.33959","2.03754","55.77946"
"55.90000","55.87953","2.04488","1.74624","0.34081","2.04488","55.87953"
"56.00000","55.97968","2.08926","1.74936","0.34821","2.08926","55.97968"
"56.10000","56.07957","2.07726","1.75249","0.34621","2.07726","56.07957"
"56.20000","56.17944","2.09683","1.75561","0.34947","2.09683","56.17944"
"56.30000","56.27957","2.00577","1.75874","0.33429","2.00577","56.27957"
"56.40000","56.37960","2.11210","1.76186","0.35202","2.11210","56.37960"
"56.50000","56.47952","2.13863","1.76498","0.35644","2.13863","56.47952"
"56.60000","56.57947","2.10013","1.76811","0.35002","2.10013","56.57947"
"56.70000","56.67960","2.14302","1.77124","0.35717","2.14302","56.67960"
"56.80000","56.77958","2.06442","1.77436","0.34407","2.06442","56.77958"
"56.90000","56.87957","2.13837","1.77749","0.35639","2.13837","56.87957"
"57.00000","56.97947","2.11660","1.78061","0.35277","2.11660","56.97947"
"57.10000","57.07946","2.05874","1.78373","0.34312","2.05874","57.07946"
"57.20000","57.17960","2.14738","1.78686","0.35790","2.14738","57.17960"
"57.30000","57.27954","2.13339","1.78999","0.35557","2.13339","57.27954"
"57.40000","57.37946","2.20490","1.79311","0.36748","2.20490","57.37946"
"57.50000","57.47953","2.21321","1.79624","0.36887","2.21321","57.47953"
"57.60000","57.57965","2.13180","1.79936","0.35530","2.13180","57.57965"
"57.70000","57.67957","2.16416","1.80249","0.36069","2.16416","57.67957"
"57.80000","57.77945","2.20493","1.80561","0.36749","2.20493","57.77945"
"57.90000","57.87947","2.11420","1.80873","0.35237","2.11420","57.87947"
"58.00000","57.97956","2.15647","1.81186","0.35941","2.15647","57.97956"
"58.10000","58.07952","2.16428","1.81499","0.36071","2.16428","58.07952"
"58.20000","58.17946","2.18192","1.81811","0.36365","2.18192","58.17946"
"58.30000","58.27952","2.21827","1.82124","0.36971","2.21827","58.27952"
"58.40000","58.37963","2.15198","1.82436","0.35866","2.15198","58.37963"
"58.50000","58.47956","2.22142","1.82749","0.37024","2.22142","58.47956"
"58.60000","58.57946","2.15607","1.83061","0.35935","2.15607","58.57946"
"58.70000","58.67952","2.24666","1.83374","0.37444","2.24666","58.67952"
"58.80000","58.77958","2.27689","1.83686","0.37948","2.27689","58.77958"
"58.90000","58.87951","2.20212","1.83998","0.36702","2.20212","58.87951"
"59.00000","58.97946","2.29799","1.84311","0.38300","2.29799","58.97946"
"59.10000","59.07951","2.27173","1.84623","0.37862","2.27173","59.07951"
"59.20000","59.17953","2.26078","1.84936","0.37680","2.26078","59.17953"
"59.30000","59.27954","2.26095","1.85249","0.37683","2.26095","59.27954"
"59.40000","59.37946","2.26387","1.85561","0.37731","2.26387","59.37946"
"59.50000","59.47942","2.32851","1.85873","0.38809","2.32851","59.47942"
"59.60000","59.57959","2.26749","1.86186","0.37791","2.26749","59.57959"
"59.70000","59.67956","2.26270","1.86499","0.37712","2.26270","59.67956"
"59.80000","59.77941","2.31860","1.86811","0.38643","2.31860","59.77941"
"59.90000","59.87945","2.23683","1.87123","0.37280","2.23683","59.87945"
"60.00000","59.97956","2.30394","1.87436","0.38399","2.30394","59.97956"
"60.10000","60.07950","2.36323","1.87748","0.39387","2.36323","60.07950"
"60.20000","60.17939","2.25236","1.88061","0.37539","2.25236","60.17939"
"60.30000","60.27943","2.26571","1.88373","0.37762","2.26571","60.27943"
"60.40000","60.37960","2.32037","1.88686","0.38673","2.32037","60.37960"
"60.50000","60.47952","2.35153","1.88998","0.39192","2.35153","60.47952"
"60.60000","60.57942","2.32691","1.89311","0.38782","2.32691","60.57942"
"60.70000","60.67945","2.31686","1.89623","0.38614","2.31686","60.67945"
"60.80000","60.77956","2.34332","1.89936","0.39055","2.34332","60.77956"
"60.90000","60.87948","2.33505","1.90248","0.38918","2.33505","60.87948"
"61.00000","60.97941","2.40431","1.90561","0.40072","2.40431","60.97941"
"61.10000","61.07945","2.42416","1.90873","0.40403","2.42416","61.07945"
"61.20000","61.17955","2.36715","1.91186","0.39453","2.36715","61.17955"
"61.30000","61.27951","2.34455","1.91498","0.39076","2.34455","61.27951"
"61.40000","61.37943","2.34409","1.91811","0.39068","2.34409","61.37943"
"61.50000","61.47944","2.31336","1.92123","0.38556","2.31336","61.47944"
"61.60000","61.57948","2.33107","1.92436","0.38851","2.33107","61.57948"
"61.70000","61.67952","2.34329","1.92748","0.39055","2.34329","61.67952"
"61.80000","61.77940","2.36686","1.93061","0.39448","2.36686","61.77940"
"61.90000","61.87935","2.40693","1.93373","0.40115","2.40693","61.87935"
"62.00000","61.97959","2.38893","1.93686","0.39815","2.38893","61.97959"
"62.10000","62.07958","2.34737","1.93999","0.39123","2.34737","62.07958"
"62.20000","62.17940","2.39150","1.94311","0.39858","2.39150","62.17940"
"62.30000","62.27940","2.39260","1.94623","0.39877","2.39260","62.27940"
"62.40000","62.37954","2.34630","1.94936","0.39105","2.34630","62.37954"
"62.50000","62.47947","2.40151","1.95248","0.40025","2.40151","62.47947"
"62.60000","62.57933","2.44270","1.95560","0.40712","2.44270","62.57933"
"62.70000","62.67937","2.42846","1.95873","0.40474","2.42846","62.67937"
"62.80000","62.77951","2.41845","1.96186","0.40308","2.41845","62.77951"
"62.90000","62.87950","2.44956","1.96498","0.40826","2.44956","62.87950"
"63.00000","62.97937","2.41566","1.96811","0.40261","2.41566","62.97937"
"63.10000","63.07942","2.49586","1.97123","0.41598","2.49586","63.07942"
"63.20000","63.17950","2.45988","1.97436","0.40998","2.45988","63.17950"
"63.30000","63.27951","2.40403","1.97748","0.40067","2.40403","63.27951"
"63.40000","63.37938","2.47032","1.98061","0.41172","2.47032","63.37938"
"63.50000","63.47939","2.44045","1.98373","0.40674","2.44045","63.47939"
"63.60000","63.57947","2.50016","1.98686","0.41669","2.50016","63.57947"
"63.70000","63.67952","2.44152","1.98998","0.40692","2.44152","63.67952"
"63.80000","63.77942","2.50108","1.99311","0.41685","2.50108","63.77942"
"63.90000","63.87940","2.53120","1.99623","0.42187","2.53120","63.87940"
"64.00000","63.97948","2.47825","1.99936","0.41304","2.47825","63.97948"
"64.10000","64.07950","2.56615","2.00248","0.42769","2.56615","64.07950"
"64.20000","64.17935","2.46889","2.00560","0.41148","2.46889","64.17935"
"64.30000","64.27933","2.60763","2.00873","0.43461","2.60763","64.27933"
"64.40000","64.37955","2.54480","2.01186","0.42413","2.54480","64.37955"
"64.50000","64.47951","2.49086","2.01498","0.41514","2.49086","64.47951"
"64.60000","64.57939","2.49193","2.01811","0.41532","2.49193","64.57939"
"64.70000","64.67937","2.53156","2.02123","0.42193","2.53156","64.67937"
"64.80000","64.77952","2.55384","2.02436","0.42564","2.55384","64.77952"
"64.90000","64.87950","2.57483","2.02748","0.42914","2.57483","64.87950"
"65.00000","64.97935","2.54074","2.03060","0.42346","2.54074","64.97935"
"65.10000","65.07940","2.56570","2.03373","0.42762","2.56570","65.07940"
"65.20000","65.17950","2.61039","2.03686","0.43506","2.61039","65.17950"
"65.30000","65.27945","2.64909","2.03998","0.44151","2.64909","65.27945"
"65.40000","65.37939","2.58587","2.04311","0.43098","2.58587","65.37939"
"65.50000","65.47940","2.61732","2.04623","0.43622","2.61732","65.47940"
"65.60000","65.57952","2.62604","2.04936","0.43767","2.62604","65.57952"
"65.70000","65.67954","2.53233","2.05249","0.42205","2.53233","65.67954"
"65.80000","65.77939","2.58419","2.05561","0.43070","2.58419","65.77939"
"65.90000","65.87935","2.65205","2.05873","0.44201","2.65205","65.87935"
"66.00000","65.97943","2.57742","2.06186","0.42957","2.57742","65.97943"
"66.10000","66.07958","2.62838","2.06499","0.43806","2.62838","66.07958"
"66.20000","66.17943","2.63350","2.06811","0.43892","2.63350","66.17943"
"66.30000","66.27937","2.55666","2.07123","0.42611","2.55666","66.27937"
"66.40000","66.37945","2.58555","2.07436","0.43092","2.58555","66.37945"
"66.50000","66.47948","2.63360","2.07748","0.43893","2.63360","66.47948"
"66.60000","66.57935","2.65773","2.08060","0.44295","2.65773","66.57935"
"66.70000","66.67937","2.60555","2.08373","0.43426","2.60555","66.67937"
"66.80000","66.77959","2.64667","2.08686","0.44111","2.64667","66.77959"
"66.90000","66.87955","2.73091","2.08999","0.45515","2.73091","66.87955"
"67.00000","66.97938","2.64295","2.09311","0.44049","2.64295","66.97938"
"67.10000","67.07938","2.67384","2.09623","0.44564","2.67384","67.07938"
"67.20000","67.17951","2.66160","2.09936","0.44360","2.66160","67.17951"
"67.30000","67.27951","2.73358","2.10248","0.45560","2.73358","67.27951"
"67.40000","67.37936","2.70830","2.10561","0.45138","2.70830","67.37936"
"67.50000","67.47943","2.73235","2.10873","0.45539","2.73235","67.47943"
"67.60000","67.57952","2.72298","2.11186","0.45383","2.72298","67.57952"
"67.70000","67.67953","2.75011","2.11499","0.45835","2.75011","67.67953"
"67.80000","67.77938","2.71363","2.11811","0.45227","2.71363","67.77938"
"67.90000","67.87939","2.70438","2.12123","0.45073","2.70438","67.87939"
"68.00000","67.97950","2.72030","2.12436","0.45338","2.72030","67.97950"
"68.10000","68.07954","2.79028","2.12749","0.46505","2.79028","68.07954"
"68.20000","68.17943","2.78727","2.13061","0.46455","2.78727","68.17943"
"68.30000","68.27937","2.71018","2.13373","0.45170","2.71018","68.27937"
"68.40000","68.37948","2.70793","2.13686","0.45132","2.70793","68.37948"
"68.50000","68.47955","2.72620","2.13999","0.45437","2.72620","68.47955"
"68.60000","68.57944","2.76862","2.14311","0.46144","2.76862","68.57944"
"68.70000","68.67937","2.74223","2.14623","0.45704","2.74223","68.67937"
"68.80000","68.77950","2.73351","2.14936","0.45558","2.73351","68.77950"
"68.90000","68.87958","2.76956","2.15249","0.46159","2.76956","68.87958"
"69.00000","68.97938","2.76848","2.15561","0.46141","2.76848","68.97938"
"69.10000","69.07941","2.85080","2.15873","0.47513","2.85080","69.07941"
"69.20000","69.17953","2.79183","2.16186","0.46531","2.79183","69.17953"
"69.30000","69.27955","2.83519","2.16499","0.47253","2.83519","69.27955"
"69.40000","69.37944","2.79056","2.16811","0.46509","2.79056","69.37944"
"69.50000","69.47940","2.80133","2.17123","0.46689","2.80133","69.47940"
"69.60000","69.57954","2.80595","2.17436","0.46766","2.80595","69.57954"
"69.70000","69.67957","2.84264","2.17749","0.47377","2.84264","69.67957"
"69.80000","69.77941","2.82553","2.18061","0.47092","2.82553","69.77941"
"69.90000","69.87946","2.82035","2.18373","0.47006","2.82035","69.87946"
"70.00000","69.97952","2.88277","2.18686","0.48046","2.88277","69.97952"
"70.10000","70.07956","2.76638","2.18999","0.46106","2.76638","70.07956"
"70.20000","70.17944","2.86504","2.19311","0.47751","2.86504","70.17944"
"70.30000","70.27947","2.92494","2.19623","0.48749","2.92494","70.27947"
"70.40000","70.37949","2.88676","2.19936","0.48113","2.88676","70.37949"
"70.50000","70.47960","2.89754","2.20249","0.48292","2.89754","70.47960"
"70.60000","70.57948","2.88666","2.20561","0.48111","2.88666","70.57948"
"70.70000","70.67941","2.97750","2.20873","0.49625","2.97750","70.67941"
"70.80000","70.77949","2.91421","2.21186","0.48570","2.91421","70.77949"
"70.90000","70.87959","2.88424","2.21499","0.48071","2.88424","70.87959"
"71.00000","70.97951","2.87289","2.21811","0.47882","2.87289","70.97951"
"71.10000","71.07943","2.88288","2.22123","0.48048","2.88288","71.07943"
"71.20000","71.17955","2.95870","2.22436","0.49312","2.95870","71.17955"
"71.30000","71.27959","2.88858","2.22749","0.48143","2.88858","71.27959"
"71.40000","71.37942","2.86840","2.23061","0.47807","2.86840","71.37942"
"71.50000","71.47945","2.90253","2.23373","0.48375","2.90253","71.47945"
"71.60000","71.57957","2.93875","2.23686","0.48979","2.93875","71.57957"
"71.70000","71.67960","2.96061","2.23999","0.49343","2.96061","71.67960"
"71.80000","71.77948","2.93621","2.24311","0.48937","2.93621","71.77948"
"71.90000","71.87943","2.97747","2.24623","0.49625","2.97747","71.87943"
"72.00000","71.97954","2.98904","2.24936","0.49817","2.98904","71.97954"
"72.10000","72.07956","2.92938","2.25249","0.48823","2.92938","72.07956"
"72.20000","72.17947","2.90342","2.25561","0.48390","2.90342","72.17947"
"72.30000","72.27950","2.95372","2.25873","0.49229","2.95372","72.27950"
"72.40000","72.37955","2.93759","2.26186","0.48960","2.93759","72.37955"
"72.50000","72.47961","3.02100","2.26499","0.50350","3.02100","72.47961"
"72.60000","72.57951","2.96650","2.26811","0.49442","2.96650","72.57951"
"72.70000","72.67946","2.99569","2.27123","0.49928","2.99569","72.67946"
"72.80000","72.77950","2.97400","2.27436","0.49567","2.97400","72.77950"
"72.90000","72.87963","2.94889","2.27749","0.49148","2.94889","72.87963"
"73.00000","72.97954","3.04244","2.28061","0.50707","3.04244","72.97954"
"73.10000","73.07947","3.03265","2.28373","0.50544","3.03265","73.07947"
"73.20000","73.17954","2.92731","2.28686","0.48788","2.92731","73.17954"
"73.30000","73.27967","3.05114","2.28999","0.50852","3.05114","73.27967"
"73.40000","73.37952","3.05474","2.29311","0.50912","3.05474","73.37952"
"73.50000","73.47945","2.98525","2.29623","0.49754","2.98525","73.47945"
"73.60000","73.57958","3.05100","2.29936","0.50850","3.05100","73.57958"
"73.70000","73.67970","3.07730","2.30249","0.51288","3.07730","73.67970"
"73.80000","73.77951","3.08504","2.30561","0.51417","3.08504","73.77951"
"73.90000","73.87949","3.05431","2.30873","0.50905","3.05431","73.87949"
"74.00000","73.97957","3.10109","2.31186","0.51685","3.10109","73.97957"
"74.10000","74.07961","3.09264","2.31499","0.51544","3.09264","74.07961"
"74.20000","74.17952","3.06016","2.31811","0.51003","3.06016","74.17952"
"74.30000","74.27943","3.08399","2.32123","0.51400","3.08399","74.27943"
"74.40000","74.37958","2.99745","2.32436","0.49958","2.99745","74.37958"
"74.50000","74.47959","3.12752","2.32749","0.52125","3.12752","74.47959"
"74.60000","74.57957","3.09027","2.33061","0.51505","3.09027","74.57957"
"74.70000","74.67950","3.12234","2.33373","0.52039","3.12234","74.67950"
"74.80000","74.77957","3.14483","2.33686","0.52414","3.14483","74.77957"
"74.90000","74.87961","3.13383","2.33999","0.52231","3.13383","74.87961"
"75.00000","74.97953","3.15699","2.34311","0.52616","3.15699","74.97953"
"75.10000","75.07950","3.17374","2.34623","0.52896","3.17374","75.07950"
"75.20000","75.17955","3.17215","2.34936","0.52869","3.17215","75.17955"
"75.30000","75.27970","3.13072","2.35249","0.52179","3.13072","75.27970"
"75.40000","75.37958","3.13050","2.35561","0.52175","3.13050","75.37958"
"75.50000","75.47945","3.21053","2.35873","0.53509","3.21053","75.47945"
"75.60000","75.57957","3.20505","2.36186","0.53417","3.20505","75.57957"
"75.70000","75.67968","3.12128","2.36499","0.52021","3.12128","75.67968"
"75.80000","75.77956","3.12680","2.36811","0.52113","3.12680","75.77956"
"75.90000","75.87946","3.20475","2.37123","0.53412","3.20475","75.87946"
"76.00000","75.97956","3.24906","2.37436","0.54151","3.24906","75.97956"
"76.10000","76.07965","3.17684","2.37749","0.52947","3.17684","76.07965"
"76.20000","76.17953","3.18140","2.38061","0.53023","3.18140","76.17953"
"76.30000","76.27953","3.24721","2.38374","0.54120","3.24721","76.27953"
"76.40000","76.37960","3.23067","2.38686","0.53844","3.23067","76.37960"
"76.50000","76.47962","3.25550","2.38999","0.54258","3.25550","76.47962"
"76.60000","76.57961","3.22435","2.39311","0.53739","3.22435","76.57961"
"76.70000","76.67950","3.28316","2.39623","0.54719","3.28316","76.67950"
"76.80000","76.77953","3.30190","2.39936","0.55032","3.30190","76.77953"
"76.90000","76.87962","3.31011","2.40249","0.55169","3.31011","76.87962"
"77.00000","76.97958","3.23649","2.40561","0.53941","3.23649","76.97958"
"77.10000","77.07953","3.24068","2.40874","0.54011","3.24068","77.07953"
"77.20000","77.17951","3.30805","2.41186","0.55134","3.30805","77.17951"
"77.30000","77.27962","3.26783","2.41499","0.54464","3.26783","77.27962"
"77.40000","77.37963","3.28031","2.41811","0.54672","3.28031","77.37963"
"77.50000","77.47952","3.28462","2.42123","0.54744","3.28462","77.47952"
"77.60000","77.57956","3.31965","2.42436","0.55327","3.31965","77.57956"
"77.70000","77.67965","3.33352","2.42749","0.55559","3.33352","77.67965"
"77.80000","77.77953","3.32056","2.43061","0.55343","3.32056","77.77953"
"77.90000","77.87943","3.27595","2.43373","0.54599","3.27595","77.87943"
"78.00000","77.97957","3.31371","2.43686","0.55229","3.31371","77.97957"
"78.10000","78.07970","3.32201","2.43999","0.55367","3.32201","78.07970"
"78.20000","78.17957","3.36011","2.44311","0.56002","3.36011","78.17957"
"78.30000","78.27946","3.24203","2.44623","0.54034","3.24203","78.27946"
"78.40000","78.37956","3.35162","2.44936","0.55860","3.35162","78.37956"
"78.50000","78.47961","3.41003","2.45249","0.56834","3.41003","78.47961"
"78.60000","78.57954","3.45767","2.45561","0.57628","3.45767","78.57954"
"78.70000","78.67951","3.31282","2.45873","0.55214","3.31282","78.67951"
"78.80000","78.77955","3.34399","2.46186","0.55733","3.34399","78.77955"
"78.90000","78.87965","3.38258","2.46499","0.56376","3.38258","78.87965"
"79.00000","78.97955","3.45507","2.46811","0.57584","3.45507","78.97955"
"79.10000","79.07950","3.39253","2.47123","0.56542","3.39253","79.07950"
"79.20000","79.17953","3.37531","2.47436","0.56255","3.37531","79.17953"
"79.30000","79.27959","3.39288","2.47749","0.56548","3.39288","79.27959"
"79.40000","79.37959","3.41867","2.48061","0.56978","3.41867","79.37959"
"79.50000","79.47945","3.36354","2.48373","0.56059","3.36354","79.47945"
"79.60000","79.57952","3.46339","2.48686","0.57723","3.46339","79.57952"
"79.70000","79.67963","3.37097","2.48999","0.56183","3.37097","79.67963"
"79.80000","79.77957","3.38537","2.49311","0.56423","3.38537","79.77957"
"79.90000","79.87946","3.43935","2.49623","0.57322","3.43935","79.87946"
"80.00000","79.97956","3.40352","2.49936","0.56725","3.40352","79.97956"
"80.10000","80.07964","3.40541","2.50249","0.56757","3.40541","80.07964"
"80.20000","80.17952","3.47085","2.50561","0.57848","3.47085","80.17952"
"80.30000","80.27940","3.47838","2.50873","0.57973","3.47838","80.27940"
"80.40000","80.37951","3.46652","2.51186","0.57775","3.46652","80.37951"
"80.50000","80.47965","3.42737","2.51499","0.57123","3.42737","80.47965"
"80.60000","80.57951","3.51432","2.51811","0.58572","3.51432","80.57951"
"80.70000","80.67943","3.58437","2.52123","0.59739","3.58437","80.67943"
"80.80000","80.77953","3.49193","2.52436","0.58199","3.49193","80.77953"
"80.90000","80.87958","3.48988","2.52749","0.58165","3.48988","80.87958"
"81.00000","80.97952","3.49839","2.53061","0.58306","3.49839","80.97952"
"81.10000","81.07948","3.51478","2.53373","0.58580","3.51478","81.07948"
"81.20000","81.17948","3.51059","2.53686","0.58510","3.51059","81.17948"
"81.30000","81.27959","3.55418","2.53999","0.59236","3.55418","81.27959"
"81.40000","81.37953","3.58151","2.54311","0.59692","3.58151","81.37953"
"81.50000","81.47947","3.56151","2.54623","0.59358","3.56151","81.47947"
"81.60000","81.57947","3.53158","2.54936","0.58860","3.53158","81.57947"
"81.70000","81.67956","3.58270","2.55249","0.59712","3.58270","81.67956"
"81.80000","81.77959","3.58345","2.55561","0.59724","3.58345","81.77959"
"81.90000","81.87946","3.52945","2.55873","0.58824","3.52945","81.87946"
"82.00000","81.97947","3.55620","2.56186","0.59270","3.55620","81.97947"
"82.10000","82.07957","3.63214","2.56499","0.60536","3.63214","82.07957"
"82.20000","82.17955","3.54451","2.56811","0.59075","3.54451","82.17955"
"82.30000","82.27941","3.58656","2.57123","0.59776","3.58656","82.27941"
"82.40000","82.37950","3.63734","2.57436","0.60622","3.63734","82.37950"
"82.50000","82.47953","3.60788","2.57749","0.60131","3.60788","82.47953"
"82.60000","82.57954","3.58796","2.58061","0.59799","3.58796","82.57954"
"82.70000","82.67937","3.59708","2.58373","0.59951","3.59708","82.67937"
"82.80000","82.77947","3.57150","2.58686","0.59525","3.57150","82.77947"
"82.90000","82.87959","3.67294","2.58999","0.61216","3.67294","82.87959"
"83.00000","82.97951","3.61112","2.59311","0.60185","3.61112","82.97951"
"83.10000","83.07944","3.61795","2.59623","0.60299","3.61795","83.07944"
"83.20000","83.17947","3.69840","2.59936","0.61640","3.69840","83.17947"
"83.30000","83.27950","3.66216","2.60248","0.61036","3.66216","83.27950"
"83.40000","83.37944","3.67215","2.60561","0.61202","3.67215","83.37944"
"83.50000","83.47943","3.58212","2.60873","0.59702","3.58212","83.47943"
"83.60000","83.57946","3.67415","2.61186","0.61236","3.67415","83.57946"
"83.70000","83.67956","3.67278","2.61499","0.61213","3.67278","83.67956"
"83.80000","83.77954","3.71809","2.61811","0.61968","3.71809","83.77954"
"83.90000","83.87938","3.63129","2.62123","0.60521","3.63129","83.87938"
"84.00000","83.97940","3.67042","2.62436","0.61174","3.67042","83.97940"
"84.10000","84.07950","3.72454","2.62748","0.62076","3.72454","84.07950"
"84.20000","84.17953","3.69789","2.63061","0.61631","3.69789","84.17953"
"84.30000","84.27940","3.73921","2.63373","0.62320","3.73921","84.27940"
"84.40000","84.37943","3.71545","2.63686","0.61924","3.71545","84.37943"
"84.50000","84.47954","3.73281","2.63999","0.62213","3.73281","84.47954"
"84.60000","84.57951","3.67678","2.64311","0.61280","3.67678","84.57951"
"84.70000","84.67936","3.71515","2.64623","0.61919","3.71515","84.67936"
"84.80000","84.77941","3.69655","2.64936","0.61609","3.69655","84.77941"
"84.90000","84.87952","3.70683","2.65248","0.61781","3.70683","84.87952"
"85.00000","84.97950","3.69721","2.65561","0.61620","3.69721","84.97950"
"85.10000","85.07938","3.70811","2.65873","0.61802","3.70811","85.07938"
"85.20000","85.17944","3.72215","2.66186","0.62036","3.72215","85.17944"
"85.30000","85.27954","3.71620","2.66499","0.61937","3.71620","85.27954"
"85.40000","85.37949","3.81048","2.66811","0.63508","3.81048","85.37949"
"85.50000","85.47937","3.77439","2.67123","0.62906","3.77439","85.47937"
"85.60000","85.57943","3.83147","2.67436","0.63858","3.83147","85.57943"
"85.70000","85.67946","3.74804","2.67748","0.62467","3.74804","85.67946"
"85.80000","85.77952","3.75265","2.68061","0.62544","3.75265","85.77952"
"85.90000","85.87943","3.84527","2.68373","0.64088","3.84527","85.87943"
"86.00000","85.97939","3.86248","2.68686","0.64375","3.86248","85.97939"
"86.10000","86.07951","3.78002","2.68998","0.63000","3.78002","86.07951"
"86.20000","86.17948","3.80999","2.69311","0.63500","3.80999","86.17948"
"86.30000","86.27936","3.92757","2.69623","0.65459","3.92757","86.27936"
"86.40000","86.37936","3.84399","2.69935","0.64067","3.84399","86.37936"
"86.50000","86.47950","3.82723","2.70248","0.63787","3.82723","86.47950"
"86.60000","86.57953","3.93698","2.70561","0.65616","3.93698","86.57953"
"86.70000","86.67938","3.90364","2.70873","0.65061","3.90364","86.67938"
"86.80000","86.77937","3.89509","2.71186","0.64918","3.89509","86.77937"
"86.90000","86.87952","3.85652","2.71498","0.64275","3.85652","86.87952"
"87.00000","86.97950","3.83853","2.71811","0.63975","3.83853","86.97950"
"87.10000","87.07937","3.93007","2.72123","0.65501","3.93007","87.07937"
"87.20000","87.17937","3.89429","2.72436","0.64905","3.89429","87.17937"
"87.30000","87.27953","3.86020","2.72749","0.64337","3.86020","87.27953"
"87.40000","87.37949","3.90718","2.73061","0.65120","3.90718","87.37949"
"87.50000","87.47937","3.96715","2.73373","0.66119","3.96715","87.47937"
"87.60000","87.57941","3.85567","2.73686","0.64261","3.85567","87.57941"
"87.70000","87.67946","3.92500","2.73998","0.65417","3.92500","87.67946"
"87.80000","87.77943","3.90628","2.74311","0.65105","3.90628","87.77943"
"87.90000","87.87942","3.95378","2.74623","0.65896","3.95378","87.87942"
"88.00000","87.97939","3.89249","2.74936","0.64875","3.89249","87.97939"
"88.10000","88.07945","3.92899","2.75248","0.65483","3.92899","88.07945"
"88.20000","88.17956","3.98253","2.75561","0.66375","3.98253","88.17956"
"88.30000","88.27941","4.02665","2.75873","0.67111","4.02665","88.27941"
"88.40000","88.37938","4.03194","2.76186","0.67199","4.03194","88.37938"
"88.50000","88.47948","3.99796","2.76498","0.66633","3.99796","88.47948"
"88.60000","88.57953","3.94853","2.76811","0.65809","3.94853","88.57953"
"88.70000","88.67941","4.01512","2.77123","0.66919","4.01512","88.67941"
"88.80000","88.77935","3.95369","2.77435","0.65895","3.95369","88.77935"
"88.90000","88.87947","3.97792","2.77748","0.66299","3.97792","88.87947"
"89.00000","88.97950","3.98844","2.78061","0.66474","3.98844","88.97950"
"89.10000","89.07938","3.99548","2.78373","0.66591","3.99548","89.07938"
"89.20000","89.17938","4.01610","2.78686","0.66935","4.01610","89.17938"
"89.30000","89.27950","4.04161","2.78998","0.67360","4.04161","89.27950"
"89.40000","89.37952","4.05473","2.79311","0.67579","4.05473","89.37952"
"89.50000","89.47938","4.05677","2.79623","0.67613","4.05677","89.47938"
"89.60000","89.57941","4.08688","2.79936","0.68115","4.08688","89.57941"
"89.70000","89.67947","4.10173","2.80248","0.68362","4.10173","89.67947"
"89.80000","89.77948","4.02932","2.80561","0.67155","4.02932","89.77948"
"89.90000","89.87941","4.01591","2.80873","0.66932","4.01591","89.87941"
"90.00000","89.97944","4.12409","2.81186","0.68735","4.12409","89.97944"
"90.10000","90.07950","4.07767","2.81498","0.67961","4.07767","90.07950"
"90.20000","90.17949","4.07654","2.81811","0.67942","4.07654","90.17949"
"90.30000","90.27942","4.06651","2.82123","0.67775","4.06651","90.27942"
"90.40000","90.37936","4.13550","2.82435","0.68925","4.13550","90.37936"
"90.50000","90.47950","4.07404","2.82748","0.67901","4.07404","90.47950"
"90.60000","90.57961","4.11531","2.83061","0.68588","4.11531","90.57961"
"90.70000","90.67940","4.15736","2.83373","0.69289","4.15736","90.67940"
"90.80000","90.77944","4.15738","2.83686","0.69290","4.15738","90.77944"
"90.90000","90.87953","4.06595","2.83999","0.67766","4.06595","90.87953"
"91.00000","90.97954","4.15164","2.84311","0.69194","4.15164","90.97954"
"91.10000","91.07940","4.17777","2.84623","0.69630","4.17777","91.07940"
"91.20000","91.17935","4.15001","2.84935","0.69167","4.15001","91.17935"
"91.30000","91.27953","4.21846","2.85249","0.70308","4.21846","91.27953"
"91.40000","91.37957","4.12038","2.85561","0.68673","4.12038","91.37957"
"91.50000","91.47946","4.25643","2.85873","0.70941","4.25643","91.47946"
"91.60000","91.57942","4.14001","2.86186","0.69000","4.14001","91.57942"
"91.70000","91.67954","4.25072","2.86499","0.70845","4.25072","91.67954"
"91.80000","91.77956","4.21618","2.86811","0.70270","4.21618","91.77956"
"91.90000","91.87934","4.23420","2.87123","0.70570","4.23420","91.87934"
"92.00000","91.97939","4.18414","2.87436","0.69736","4.18414","91.97939"
"92.10000","92.07949","4.29352","2.87748","0.71559","4.29352","92.07949"
"92.20000","92.17950","4.25936","2.88061","0.70989","4.25936","92.17950"
"92.30000","92.27948","4.20816","2.88373","0.70136","4.20816","92.27948"
"92.40000","92.37946","4.23733","2.88686","0.70622","4.23733","92.37946"
"92.50000","92.47951","4.26733","2.88998","0.71122","4.26733","92.47951"
"92.60000","92.57953","4.26765","2.89311","0.71127","4.26765","92.57953"
"92.70000","92.67947","4.25996","2.89623","0.70999","4.25996","92.67947"
"92.80000","92.77940","4.23059","2.89936","0.70510","4.23059","92.77940"
"92.90000","92.87952","4.32892","2.90248","0.72149","4.32892","92.87952"
"93.00000","92.97958","4.36978","2.90561","0.72830","4.36978","92.97958"
"93.10000","93.07948","4.29837","2.90873","0.71639","4.29837","93.07948"
"93.20000","93.17946","4.28231","2.91186","0.71372","4.28231","93.17946"
"93.30000","93.27953","4.37188","2.91499","0.72865","4.37188","93.27953"
"93.40000","93.37959","4.29444","2.91811","0.71574","4.29444","93.37959"
"93.50000","93.47948","4.30201","2.92123","0.71700","4.30201","93.47948"
"93.60000","93.57944","4.29366","2.92436","0.71561","4.29366","93.57944"
"93.70000","93.67958","4.36193","2.92749","0.72699","4.36193","93.67958"
"93.80000","93.77959","4.36364","2.93061","0.72727","4.36364","93.77959"
"93.90000","93.87947","4.31358","2.93373","0.71893","4.31358","93.87947"
"94.00000","93.97942","4.32276","2.93686","0.72046","4.32276","93.97942"
"94.10000","94.07957","4.35467","2.93999","0.72578","4.35467","94.07957"
"94.20000","94.17960","4.41516","2.94311","0.73586","4.41516","94.17960"
"94.30000","94.27953","4.33979","2.94624","0.72330","4.33979","94.27953"
"94.40000","94.37949","4.40667","2.94936","0.73444","4.40667","94.37949"
"94.50000","94.47952","4.38638","2.95249","0.73106","4.38638","94.47952"
"94.60000","94.57954","4.41921","2.95561","0.73654","4.41921","94.57954"
"94.70000","94.67950","4.40154","2.95873","0.73359","4.40154","94.67950"
"94.80000","94.77948","4.34057","2.96186","0.72343","4.34057","94.77948"
"94.90000","94.87952","4.40881","2.96498","0.73480","4.40881","94.87952"
"95.00000","94.97963","4.37231","2.96811","0.72872","4.37231","94.97963"
"95.10000","95.07954","4.44366","2.97124","0.74061","4.44366","95.07954"
"95.20000","95.17942","4.43599","2.97436","0.73933","4.43599","95.17942"
"95.30000","95.27953","4.41863","2.97749","0.73644","4.41863","95.27953"
"95.40000","95.37964","4.42423","2.98061","0.73737","4.42423","95.37964"
"95.50000","95.47948","4.38334","2.98373","0.73056","4.38334","95.47948"
"95.60000","95.57944","4.38482","2.98686","0.73080","4.38482","95.57944"
"95.70000","95.67954","4.46237","2.98999","0.74373","4.46237","95.67954"
"95.80000","95.77962","4.48449","2.99311","0.74741","4.48449","95.77962"
"95.90000","95.87951","4.49504","2.99623","0.74917","4.49504","95.87951"
"96.00000","95.97945","4.42329","2.99936","0.73721","4.42329","95.97945"
"96.10000","96.07961","4.37375","3.00249","0.72896","4.37375","96.07961"
"96.20000","96.17961","4.55448","3.00561","0.75908","4.55448","96.17961"
"96.30000","96.27953","4.51360","3.00874","0.75227","4.51360","96.27953"
"96.40000","96.37949","4.44647","3.01186","0.74108","4.44647","96.37949"
"96.50000","96.47958","4.50643","3.01499","0.75107","4.50643","96.47958"
"96.60000","96.57964","4.53047","3.01811","0.75508","4.53047","96.57964"
"96.70000","96.67953","4.49963","3.02124","0.74994","4.49963","96.67953"
"96.80000","96.77950","4.52467","3.02436","0.75411","4.52467","96.77950"
"96.90000","96.87959","4.47412","3.02749","0.74569","4.47412","96.87959"
"97.00000","96.97962","4.50858","3.03061","0.75143","4.50858","96.97962"
"97.10000","97.07956","4.55622","3.03374","0.75937","4.55622","97.07956"
"97.20000","97.17952","4.65309","3.03686","0.77552","4.65309","97.17952"
"97.30000","97.27953","4.53394","3.03999","0.75566","4.53394","97.27953"
"97.40000","97.37964","4.56411","3.04311","0.76069","4.56411","97.37964"
"97.50000","97.47955","4.66938","3.04624","0.77823","4.66938","97.47955"
"97.60000","97.57943","4.63242","3.04936","0.77207","4.63242","97.57943"
"97.70000","97.67957","4.54274","3.05249","0.75712","4.54274","97.67957"
"97.80000","97.77968","4.57626","3.05561","0.76271","4.57626","97.77968"
"97.90000","97.87959","4.55666","3.05874","0.75944","4.55666","97.87959"
"98.00000","97.97946","4.62150","3.06186","0.77025","4.62150","97.97946"
"98.10000","98.07955","4.61211","3.06499","0.76869","4.61211","98.07955"
"98.20000","98.17960","4.62801","3.06811","0.77134","4.62801","98.17960"
"98.30000","98.27950","4.63457","3.07123","0.77243","4.63457","98.27950"
"98.40000","98.37948","4.56866","3.07436","0.76144","4.56866","98.37948"
"98.50000","98.47958","4.60759","3.07749","0.76793","4.60759","98.47958"
"98.60000","98.57966","4.69451","3.08061","0.78242","4.69451","98.57966"
"98.70000","98.67957","4.71385","3.08374","0.78564","4.71385","98.67957"
"98.80000","98.77953","4.67992","3.08686","0.77999","4.67992","98.77953"
"98.90000","98.87957","4.67319","3.08999","0.77886","4.67319","98.87957"
"99.00000","98.97962","4.69541","3.09311","0.78257","4.69541","98.97962"
"99.10000","99.07955","4.67803","3.09624","0.77967","4.67803","99.07955"
"99.20000","99.17950","4.68485","3.09936","0.78081","4.68485","99.17950"
"99.30000","99.27956","4.72128","3.10249","0.78688","4.72128","99.27956"
"99.40000","99.37965","4.77436","3.10561","0.79573","4.77436","99.37965"
"99.50000","99.47958","4.65849","3.10874","0.77641","4.65849","99.47958"
"99.60000","99.57948","4.65986","3.11186","0.77664","4.65986","99.57948"
"99.70000","99.67947","4.76243","3.11498","0.79374","4.76243","99.67947"
"99.80000","99.77966","4.64776","3.11811","0.77463","4.64776","99.77966"
"99.90000","99.87958","4.73426","3.12124","0.78904","4.73426","99.87958"
"100.00000","99.97948","4.82131","3.12436","0.80355","4.82131","99.97948"
"100.10000","100.07959","4.83175","3.12749","0.80529","4.83175","100.07959"
"100.20000","100.17967","4.78019","3.13061","0.79670","4.78019","100.17967"
"100.30000","100.27956","4.74136","3.13374","0.79023","4.74136","100.27956"
"100.40000","100.37937","4.78105","3.13686","0.79684","4.78105","100.37937"
"100.50000","100.47955","4.85995","3.13999","0.80999","4.85995","100.47955"
"100.60000","100.57964","4.82165","3.14311","0.80361","4.82165","100.57964"
"100.70000","100.67954","4.78101","3.14624","0.79683","4.78101","100.67954"
"100.80000","100.77952","4.81271","3.14936","0.80212","4.81271","100.77952"
"100.90000","100.87952","4.78631","3.15248","0.79772","4.78631","100.87952"
"101.00000","100.97962","4.81513","3.15561","0.80252","4.81513","100.97962"
"101.10000","101.07956","4.87033","3.15874","0.81172","4.87033","101.07956"
"101.20000","101.17950","4.74319","3.16186","0.79053","4.74319","101.17950"
"101.30000","101.27956","4.79070","3.16499","0.79845","4.79070","101.27956"
"101.40000","101.37965","4.84795","3.16811","0.80799","4.84795","101.37965"
"101.50000","101.47961","4.82269","3.17124","0.80378","4.82269","101.47961"
"101.60000","101.57947","4.82504","3.17436","0.80417","4.82504","101.57947"
"101.70000","101.67950","4.76486","3.17748","0.79414","4.76486","101.67950"
"101.80000","101.77962","4.88734","3.18061","0.81456","4.88734","101.77962"
"101.90000","101.87960","4.88999","3.18374","0.81500","4.88999","101.87960"
"102.00000","101.97943","4.85461","3.18686","0.80910","4.85461","101.97943"
"102.10000","102.07949","4.87798","3.18998","0.81300","4.87798","102.07949"
"102.20000","102.17969","4.96086","3.19312","0.82681","4.96086","102.17969"
"102.30000","102.27953","4.93221","3.19624","0.82203","4.93221","102.27953"
"102.40000","102.37944","4.92029","3.19936","0.82005","4.92029","102.37944"
"102.50000","102.47955","4.90547","3.20249","0.81758","4.90547","102.47955"
"102.60000","102.57962","4.93459","3.20561","0.82243","4.93459","102.57962"
"102.70000","102.67953","4.97318","3.20874","0.82886","4.97318","102.67953"
"102.80000","102.77944","4.94011","3.21186","0.82335","4.94011","102.77944"
"102.90000","102.87953","4.95097","3.21499","0.82516","4.95097","102.87953"
"103.00000","102.97960","4.94054","3.21811","0.82342","4.94054","102.97960"
"103.10000","103.07951","4.99455","3.22123","0.83243","4.99455","103.07951"
"103.20000","103.17949","4.92031","3.22436","0.82005","4.92031","103.17949"
"103.30000","103.27953","4.94238","3.22749","0.82373","4.94238","103.27953"
"103.40000","103.37961","4.95900","3.23061","0.82650","4.95900","103.37961"
"103.50000","103.47954","5.01723","3.23374","0.83620","5.01723","103.47954"
"103.60000","103.57946","5.01709","3.23686","0.83618","5.01709","103.57946"
"103.70000","103.67951","5.03733","3.23998","0.83955","5.03733","103.67951"
"103.80000","103.77962","4.98418","3.24311","0.83070","4.98418","103.77962"
"103.90000","103.87954","5.04239","3.24624","0.84040","5.04239","103.87954"
"104.00000","103.97937","4.98563","3.24936","0.83094","4.98563","103.97937"
"104.10000","104.07942","4.99956","3.25248","0.83326","4.99956","104.07942"
"104.20000","104.17959","4.99754","3.25561","0.83292","4.99754","104.17959"
"104.30000","104.27962","5.08341","3.25874","0.84724","5.08341","104.27962"
"104.40000","104.37940","4.95555","3.26186","0.82593","4.95555","104.37940"
"104.50000","104.47944","5.06139","3.26498","0.84356","5.06139","104.47944"
"104.60000","104.57959","4.99084","3.26811","0.83181","4.99084","104.57959"
"104.70000","104.67947","5.03842","3.27123","0.83974","5.03842","104.67947"
"104.80000","104.77941","5.03857","3.27436","0.83976","5.03857","104.77941"
"104.90000","104.87950","5.08942","3.27748","0.84824","5.08942","104.87950"
"105.00000","104.97958","5.04263","3.28061","0.84044","5.04263","104.97958"
"105.10000","105.07954","5.04831","3.28374","0.84139","5.04831","105.07954"
"105.20000","105.17941","5.06658","3.28686","0.84443","5.06658","105.17941"
"105.30000","105.27945","5.12441","3.28998","0.85407","5.12441","105.27945"
"105.40000","105.37956","5.09818","3.29311","0.84970","5.09818","105.37956"
"105.50000","105.47947","5.12086","3.29623","0.85348","5.12086","105.47947"
"105.60000","105.57946","5.05323","3.29936","0.84220","5.05323","105.57946"
"105.70000","105.67945","5.11650","3.30248","0.85275","5.11650","105.67945"
"105.80000","105.77956","5.08207","3.30561","0.84701","5.08207","105.77956"
"105.90000","105.87953","5.12151","3.30874","0.85359","5.12151","105.87953"
"106.00000","105.97942","5.06914","3.31186","0.84486","5.06914","105.97942"
"106.10000","106.07944","5.12712","3.31498","0.85452","5.12712","106.07944"
"106.20000","106.17956","5.16967","3.31811","0.86161","5.16967","106.17956"
"106.30000","106.27955","5.12258","3.32124","0.85376","5.12258","106.27955"
"106.40000","106.37938","5.15700","3.32436","0.85950","5.15700","106.37938"
"106.50000","106.47939","5.13957","3.32748","0.85660","5.13957","106.47939"
"106.60000","106.57957","5.23165","3.33061","0.87194","5.23165","106.57957"
"106.70000","106.67955","5.17069","3.33374","0.86178","5.17069","106.67955"
"106.80000","106.77936","5.24690","3.33685","0.87448","5.24690","106.77936"
"106.90000","106.87940","5.15819","3.33998","0.85970","5.15819","106.87940"
"107.00000","106.97958","5.26897","3.34311","0.87816","5.26897","106.97958"
"107.10000","107.07944","5.27572","3.34623","0.87929","5.27572","107.07944"
"107.20000","107.17939","5.19913","3.34936","0.86652","5.19913","107.17939"
"107.30000","107.27940","5.25239","3.35248","0.87540","5.25239","107.27940"
"107.40000","107.37949","5.16912","3.35561","0.86152","5.16912","107.37949"
"107.50000","107.47952","5.26050","3.35874","0.87675","5.26050","107.47952"
"107.60000","107.57938","5.22159","3.36186","0.87027","5.22159","107.57938"
"107.70000","107.67940","5.21333","3.36498","0.86889","5.21333","107.67940"
"107.80000","107.77953","5.25806","3.36811","0.87634","5.25806","107.77953"
"107.90000","107.87946","5.24575","3.37123","0.87429","5.24575","107.87946"
"108.00000","107.97940","5.27392","3.37436","0.87899","5.27392","107.97940"
"108.10000","108.07941","5.29773","3.37748","0.88296","5.29773","108.07941"
"108.20000","108.17951","5.22371","3.38061","0.87062","5.22371","108.17951"
"108.30000","108.27950","5.31945","3.38373","0.88657","5.31945","108.27950"
"108.40000","108.37939","5.39467","3.38686","0.89911","5.39467","108.37939"
"108.50000","108.47945","5.27116","3.38998","0.87853","5.27116","108.47945"
"108.60000","108.57957","5.27641","3.39311","0.87940","5.27641","108.57957"
"108.70000","108.67954","5.33471","3.39624","0.88912","5.33471","108.67954"
"108.80000","108.77934","5.38969","3.39935","0.89828","5.38969","108.77934"
"108.90000","108.87930","5.37733","3.40248","0.89622","5.37733","108.87930"
"109.00000","108.97951","5.30542","3.40561","0.88424","5.30542","108.97951"
"109.10000","109.07950","5.34165","3.40873","0.89028","5.34165","109.07950"
"109.20000","109.17937","5.34038","3.41186","0.89006","5.34038","109.17937"
"109.30000","109.27941","5.31948","3.41498","0.88658","5.31948","109.27941"
"109.40000","109.37952","5.35598","3.41811","0.89266","5.35598","109.37952"
"109.50000","109.47945","5.45160","3.42123","0.90860","5.45160","109.47945"
"109.60000","109.57940","5.47825","3.42436","0.91304","5.47825","109.57940"
"109.70000","109.67941","5.35233","3.42748","0.89205","5.35233","109.67941"
"109.80000","109.77950","5.38100","3.43061","0.89683","5.38100","109.77950"
"109.90000","109.87950","5.39127","3.43373","0.89855","5.39127","109.87950"
"110.00000","109.97940","5.45707","3.43686","0.90951","5.45707","109.97940"
"110.10000","110.07936","5.45777","3.43998","0.90963","5.45777","110.07936"
"110.20000","110.17944","5.42465","3.44311","0.90411","5.42465","110.17944"
"110.30000","110.27949","5.39374","3.44623","0.89896","5.39374","110.27949"
"110.40000","110.37940","5.39896","3.44936","0.89983","5.39896","110.37940"
"110.50000","110.47939","5.43758","3.45248","0.90626","5.43758","110.47939"
"110.60000","110.57950","5.41373","3.45561","0.90229","5.41373","110.57950"
"110.70000","110.67949","5.43332","3.45873","0.90555","5.43332","110.67949"
"110.80000","110.77940","5.39262","3.46186","0.89877","5.39262","110.77940"
"110.90000","110.87933","5.41877","3.46498","0.90313","5.41877","110.87933"
"111.00000","110.97950","5.46181","3.46811","0.91030","5.46181","110.97950"
"111.10000","111.07950","5.50067","3.47123","0.91678","5.50067","111.07950"
"111.20000","111.17942","5.52808","3.47436","0.92135","5.52808","111.17942"
"111.30000","111.27938","5.52429","3.47748","0.92072","5.52429","111.27938"
"111.40000","111.37954","5.50459","3.48061","0.91743","5.50459","111.37954"
"111.50000","111.47951","5.45958","3.48373","0.90993","5.45958","111.47951"
"111.60000","111.57937","5.42920","3.48686","0.90487","5.42920","111.57937"
"111.70000","111.67938","5.53738","3.48998","0.92290","5.53738","111.67938"
"111.80000","111.77948","5.46606","3.49311","0.91101","5.46606","111.77948"
"111.90000","111.87950","5.43150","3.49623","0.90525","5.43150","111.87950"
"112.00000","111.97943","2.79854","3.49936","0.46642","2.79854","111.97943"
"112.10000","112.07946","0.17865","3.50248","0.02978","0.17865","112.07946"
"112.20000","112.17949","0.22150","3.50561","0.03692","0.22150","112.17949"
"112.30000","112.27950","0.22320","3.50873","0.03720","0.22320","112.27950"
"112.40000","112.37939","0.13312","3.51186","0.02219","0.13312","112.37939"
"112.50000","112.47932","0.17003","3.51498","0.02834","0.17003","112.47932"
"112.60000","112.57944","0.24298","3.51811","0.04050","0.24298","112.57944"
"112.65500","112.63460","0.19811","3.51983","0.03302","0.19811","112.63460"
